:020000040800F2
:1000000050310020C5010008174D0008594600086E
:10001000154D0008D10A00087D7A00080000000094
:10002000000000000000000000000000795A0008F5
:10003000870E000800000000CF4D00087B5A000822
:10004000DF010008DF010008DF010008DF01000810
:10005000DF010008DF010008DF010008DF01000800
:10006000DF010008DF010008DF010008DF010008F0
:10007000DF010008DF010008DF010008DF010008E0
:10008000DF010008DF010008DF010008DF010008D0
:10009000610B00086D0B0008DF010008DF0100089C
:1000A000DF010008DF010008DF010008DF010008B0
:1000B000DF010008DF010008DF010008DF010008A0
:1000C000DF010008DF010008DF010008DF01000890
:1000D000DF010008D1620008DF010008DF0100082D
:1000E000DF010008DF010008DF010008DF01000870
:1000F000DF010008DF010008DF010008DF01000860
:10010000DF010008114E0008DF010008DF010008D0
:10011000DF010008DF010008DF010008DF0100083F
:10012000DF010008950D0008A10D0008DF0100089F
:10013000DF010008DF010008DF010008DF0100081F
:10014000790B0008850B0008DF010008394D000815
:10015000DF010008AD0D0008DF010008E9620008BA
:10016000DF010008DF010008DF010008DF010008EF
:10017000DF010008DF010008DF01000800000000C7
:10018000DF010008DF010008DF010008DF010008CF
:10019000DF010008DF010008DF010008DF010008BF
:1001A0000000000000000000DF010008DFF810D0B0
:1001B00000F0B8FA0048004709880008AFF3008053
:1001C000503100200648804706480047FEE7FEE71A
:1001D000FEE7FEE7FEE7FEE7FEE7FEE7FEE7FEE7F7
:1001E000495B0008AD0100082DE9F05F05460020DD
:1001F00092469B4688460646814640241BE0284698
:1002000041464746224600F0F2F853465A46C01A85
:10021000914110D311461846224600F0D9F82D1A04
:1002200067EB01084F4622460120002100F0D0F87C
:1002300017EB00094E41201EA4F10104DFDC484603
:1002400031462A464346BDE8F09F40EA01039B073A
:1002500003D009E008C9121F08C0042AFAD203E03B
:1002600011F8013B00F8013B521EF9D270472DE90D
:10027000FE4F81EA030404F0004421F000410094A1
:100280004FF0000B23F0004350EA01045ED052EA25
:1002900003045BD0C3F30A54C1F30A552C44A4F2FF
:1002A000F3340194A0FB0254C1F3130141F4801113
:1002B000C3F3130343F4801301FB024400FB034E1A
:1002C000840A970A44EA815447EA8357A4FB0768E3
:1002D00002958D0A05FB07854FEA932C04FB0C540D
:1002E0002705029D4FEA065847EA1637B5EB080581
:1002F0006EEB070C870E920E47EA811742EA8312D3
:10030000A7FB0201B6EB0B0164EB00042B0D43EAE3
:100310000C335E1844EB1C50DA465146E7FB0201F1
:10032000C5F313044FEA0B3343EA14534FEA043284
:10033000019C43EA0603A4F10C040294009CCDE95D
:1003400000B400F073F803B0BDE8F08F0020014660
:10035000F9E70EB5C10F80EAE0700844CA07002132
:1003600040F233438DE80E000A460B4600F05EF87B
:1003700003B000BD30B5041E71F1000404DB4FF082
:100380000044404264EB0101141E73F1000405DBDC
:100390001C464FF00043524263EB0403994208BFEE
:1003A000904230BD30B50B4601460020202201248A
:1003B00009E021FA02F59D4205D303FA02F5491B33
:1003C00004FA02F52844151EA2F10102F1DC30BD49
:1003D000202A04DB203A00FA02F100207047914005
:1003E000C2F1200320FA03F3194390407047202AFA
:1003F00004DB203A21FA02F00021704721FA02F3CF
:10040000D040C2F12002914008431946704710B510
:10041000141E73F1000408DA401C41F10001921827
:100420005B411A4301D120F0010010BD2DE9F04DD0
:1004300092469B4611B1B1FA81F202E0B0FA80F225
:1004400020329046FFF7C4FF04460F4640EA0A00F8
:1004500041EA0B0153465A46084313D0114653EA6A
:10046000010019D0C8F140025046FFF7C0FF054611
:100470000E46504659464246FFF7AAFF084305D0AC
:10048000012004E020463946BDE8F08D00200543F8
:1004900046EAE0762C4337430A986305E40AA0EB6A
:1004A00008000022FD0A44EA47540A3002D5002021
:1004B0000146E9E7010510196941DDE90845001920
:1004C0006941BDE8F04DA2E72DE9FE4F804681EA83
:1004D0000300C00F0C46009021F0004123F00045BE
:1004E000B8EB0200A94105D24046214690461C4681
:1004F0000B46024623F00040104347D0270DC7F3B8
:100500000A00C3F30A510290401A019040286BDAA6
:10051000C3F3130040F4801B0098924620B10023DF
:10052000D2EB030A63EB0B0B01985946C0F1400272
:100530005046FFF74DFF06460D4650465946019A74
:1005400000F002F910EB08006141002487EA115223
:1005500084EAE7731A4340D0009A62B3019A012AF1
:100560004FEA075215DC001B61EB02014FF000421D
:1005700002EA0752CDE90042001C41F580113246E3
:100580002B46FFF753FF03B0BDE8F08F40462146EE
:10059000F9E7001B61EB0201001C41F58013001814
:1005A0005B412018A2F5001747EB030140EAD57024
:1005B000B6196D4111E06D084FEA360645EAC0757F
:1005C0004FEA0752001B61EB0201001C41F580114C
:1005D00049084FEA30000019514132462B4603B01A
:1005E000BDE8F04FFFF713BF009801224000002341
:1005F000D0EB020263EBE073009821464FEAE0740F
:10060000B8EB000061EB0401E9E783F000435BE72E
:1006100081F0004158E72DE9F04D81EA030404F030
:10062000004B21F0004514464FF0000A23F0004132
:1006300050EA050220D054EA01021DD0C5F30A5742
:100640000246C5F31303C1F31300C1F30A5640F485
:10065000801543F48013A7EB0608101BD64608F25A
:10066000FD3873EB050002D308F1010801E0921890
:100670005B41B8F1000F03DA00200146BDE8F08DC0
:1006800000204FF48011064684460EE0171B73EBE2
:10069000050705D3121B63EB050306434CEA010C67
:1006A00049084FEA300092185B4150EA0107EDD14A
:1006B00052EA030012D082EA040083EA05010843EB
:1006C00005D0101BAB4106D20122002306E0002218
:1006D0004FF0004302E06FF0010253101AEB0600E6
:1006E0004CEB085110EB0A0041EB0B01BDE8F04D5B
:1006F000FFF78DBEC1F30A52C1F3130140F2FF337D
:1007000041F480119A4202DA00200146704740F21B
:1007100033439A42A2F2334202DC5242FFF767BEF1
:10072000FFF756BE064C074D06E0E06840F00103B7
:1007300094E8070098471034AC42F6D3FFF73AFD2F
:100740004499000864990008202A06DBCB17203A58
:1007500041FA02F043EAE07306E041FA02F3D040C6
:10076000C2F12002914008431946704770B58C18B9
:1007700010F8015B15F0070301D110F8013B2A11B5
:1007800006D110F8012B03E010F8016B01F8016BA2
:100790005B1EF9D12B0705D40023521E0DD401F89E
:1007A000013BFAE710F8013BCB1A921C03E013F867
:1007B000015B01F8015B521EF9D5A142D8D300209C
:1007C00070BD000049494A6822F440324A604A68D4
:1007D00043681A434A6001684A6822F480724A609A
:1007E00001684A68036942EA03224A6001684A686C
:1007F00022F040724A6001684A6883681A434A607E
:1008000001688A6822F400628A6001688A68C368A5
:100810001A438A60816A6FF07062D14214D0016815
:100820008A6822F070628A6001688A68836A1A4363
:100830008A6001688A6822F040528A6001688A688A
:10084000C36A1A438A6009E001688A6822F070620C
:100850008A6001688A6822F040528A6001688A686A
:1008600022F002028A6001688A68836942EA4302D0
:100870008A60016A89B101684A6842F400624A608C
:1008800001684A6822F460424A6001684B68426A23
:10089000521E43EA42324A6004E001684A6822F488
:1008A00000624A600168CA6A22F47002CA62016882
:1008B000CB6A828B521E43EA0252CA6201688A687E
:1008C00022F400728A6001688A68036B42EA43225C
:1008D0008A6001688A6822F480628A6001688A6896
:1008E000406942EA80208860704700000023014090
:1008F00000B587B000211648026842F0010202608C
:10090000006800F001000190012002900391022094
:10091000049002A90F4801F0BDFA002008F08AF9FE
:1009200000210DA2084608F0CDFA0FA200210220F6
:1009300008F0C8FA0FA20021042008F0C3FA11A29F
:100940000021052008F0BEFA08F04CFA07B000BDFF
:10095000303802400000024043363230204D6F7480
:100960006F72204374726C0053706565643A205353
:10097000544F50005072657373204B4559202850D6
:1009800041302900746F206368616E676520737061
:100990006565640070B588B001F07AFB04462046B6
:1009A00000F098F81A4D20B1287810B9002000F016
:1009B000B5F82878174E40B1A968611A052904D303
:1009C00036F9100000F0AAF8AC60E868201AC828D0
:1009D0001CD3EC600E482978103050F821200EA16D
:1009E000684607F04DF86A460021022008F06AFACE
:1009F00028780CA136F91020684607F041F86A46BD
:100A00000021032008F05EFA08F0ECF908B070BD90
:100A1000C40000201499000853706565643A2025CD
:100A20002D3673004375723A202020252D36640040
:100A30000146014802F09EBCE805002010B50448BC
:100A400002F0AAFC042801D0012010BD002010BD36
:100A5000E805002010B500F015F8012801D00120AC
:100A600010BD074802F07AFD044634B94FF4006126
:100A7000034802F03EFB00B10124204610BD0000F7
:100A8000E805002008B5012000909DF8000008BD91
:100A900038B50024009313460A460146034802F085
:100AA000EDFD00B10124204638BD0000E80500201E
:100AB00038B50024009313460A460146034802F065
:100AC000D9FE00B10124204638BD0000E805002011
:100AD000FEE7000010B5044601210E4801F0CAFAF5
:100AE00000220D49012810D14B7873B94B68E31AE5
:100AF000322B0AD94C6048700878401CC0B208708C
:100B0000032800D90A70012010BD00B94A700020E6
:100B100010BD000000000240C400002000B589B0F4
:100B20004FF4007103910021049105910691082270
:100B300007928DF82010020A8DF804208DF8050028
:100B40008DF806108DF8071002916B4601AA03A9D3
:100B5000024800F0CBFA09B000BD000050050020AB
:100B6000014800F04ABC000050050020014800F098
:100B700044BC000050050020014800F03EBC0000CD
:100B800078050020014800F038BC000078050020FE
:100B900010B5042806DD202804D10348FFF755FBD3
:100BA00000F02EF8002010BD20000020002070472B
:100BB00010B500220449054805F086FC04490348A5
:100BC00005F07CFC002010BD901000206C06002079
:100BD0009008002070B505460C462946064805F0E9
:100BE0006DFC054805F049FC218804488AB2294675
:100BF00003F0EAFC002070BD6C060020000300201A
:100C000070B5584C5849606BCD140068884201D1CA
:100C100020213BE05549884201D1202136E052494C
:100C20006031884201D1202130E050496031884252
:100C300001D120212AE04C491831884201D12946AE
:100C400024E04A491831884201D129461EE046492C
:100C50007831884201D1294618E0444978318842E8
:100C600001D1294612E0404A4FF40011303290423F
:100C70000CD03E4A3032904208D03B4A90329042EB
:100C800004D03A4A9032904200D08901026822F0A2
:100C900001020260606B354A00684832904203D915
:100CA0003248001F016010E02F4AA832904203D959
:100CB0002E480838016008E02B4B2B4A4833103A85
:100CC000984201D9D16000E09160264803F08CFA87
:100CD00020B14FF4B27126A006F0D1FE2B4A0020BD
:100CE000117929B3022925D0E060517931B3012966
:100CF00026D0022928D020619179072928D00829F7
:100D000028D0A06011686160A0610C216161E06180
:100D1000144803F00FFB20B140F2A51114A006F017
:100D2000AEFE2A46BDE8704019490E4803F042BCA9
:100D3000E060DAE74FF40051E160D6E72061DBE7DD
:100D40004FF4C0612161D7E74FF480612161D3E79F
:100D5000A060D7E7216919B14FF48051A160D1E7B4
:100D6000A060CFE700030020106002401064024042
:100D70002E2E2F436F72652F5372632F757362642B
:100D80005F6364635F69662E6300000020000020DB
:100D900090180020014800F00BBE0000A0030020C6
:100DA000014800F005BE000040030020014800F0AB
:100DB000FFBD0000000400200168CAB2103A1823E9
:100DC000B2FBF3F2064B9B5CC3656FF30901032A88
:100DD00002D9091D816500E08165806D70470000C2
:100DE0001C99000810B5014600208A6A8B694FF0F3
:100DF000C074002B0ED0B3F5005F1AD062B3012A85
:100E00002AD0022A28D0032A03D1C96AC90100D5F1
:100E1000012010BD1AB1012A06D0022AF9D1C96AEF
:100E2000C901F6D5012010BDC96AA142FBD101203C
:100E300010BD52B1012A0AD0022A06D0032AF7D1E6
:100E4000C96AA142F4D1012010BD012010BDC96AB8
:100E5000C901FBD5012010BD012010BD30B50468CB
:100E6000256825F480252560046863608368402B2D
:100E700004D0036899600068C26030BD03689A605E
:100E80000068C16030BD7047002200F001B800006A
:100E900030B5044601200D4B5D7A002D14D1587AEF
:100EA0001D54587A03EB800044605C7A03F108001B
:100EB0002254587A421C5A72303008703A204870D6
:100EC0002F208870CD70002030BD0000402B002006
:100ED00078B50024009490F83C20012A19D0012212
:100EE00080F83C200A680725092A14D90368DE68BF
:100EF0000A3A02EB42029540AE43DE600A788B6804
:100F00000A3A02EB420293400268D5682B43D36051
:100F100011E0022078BD03681E6902EB4202954091
:100F2000AE431E610A788B6802EB4202934002686E
:100F300015692B4313614A681F25072A13D20368DA
:100F40005E6B521E02EB82029540AE435E630A88DE
:100F500093B20A79521E02EB820293400268556BEB
:100F60002B43536328E00D2A13D203681E6BD21F54
:100F700002EB82029540AE431E630A8893B20A795F
:100F8000D21F02EB820293400268156B2B4313635E
:100F900012E00368DE6A0D3A02EB82029540AE432E
:100FA000DE620A8893B20A790D3A02EB820293401C
:100FB0000268D56A2B43D362174A184B05689D42D5
:100FC00006D10D68122D03D1556845F48005556092
:100FD00005689D421CD1124D0B68AB4201D0112B0C
:100FE00016D1536843F4000353600968A9420FD136
:100FF0000C490D4A0968B1FBF2F101EB810149008E
:10100000009102E00099491E009100990029F9D150
:1010100080F83C40002078BD0023014000200140C2
:10102000120000100000002040420F0070B504467E
:101030000026002C03D0206C002510B107E0012011
:1010400070BD656484F83C50204600F019F8206CAF
:10105000C00610D4206C20F4885040F002002064B8
:101060002046FFF7AFFB6564206C20F0020040F0E3
:101070000100206400E0012684F83C50304670BD39
:1010800000B587B000680C49884212D100210B4896
:10109000026842F480720260006800F4807001907F
:1010A0004020029003200390049102A9044800F01C
:1010B000F1FE07B000BD00000020014044380240AE
:1010C0000000024090F82020012A09D090F820204A
:1010D000022A05D0416A41F4802141620120704713
:1010E000006842690A43426100207047F0B590F8F9
:1010F0002040012C09D090F82040022C05D0416AF4
:1011000041F4802141620120F0BD0468A5686D01B1
:1011100005D4A5682D0102D4A568ED0054D5A468B6
:10112000C4F301640125A5401D608B684FF4C075B0
:101130009BB1CE6805EB041733434E6843EAC60300
:101140000668F3514FF4C273076803EB04130E698A
:10115000FE50097D012909D00DE00E88CB6805EB12
:10116000041743EA46530668F351EBE70168CE588B
:1011700046F48076CE501179D379567941EA0361ED
:1011800093791B0443EA062319434FF4C676036898
:1011900006EB041699511178D37841EA03619378EC
:1011A00052781B0443EA022211434FF4C4730268CD
:1011B00003EB0413D150006805EB0411425842F0D0
:1011C000010242500020F0BD416A41F40011416229
:1011D0000120F0BD10B590F82020012A09D090F828
:1011E0002020022A05D0416A41F480214162012079
:1011F00010BD3B4800F50070026842F00102026039
:10120000026822F47C52026002684B6A42EA0322BE
:1012100002600B7D01229A40C3699343C361A0F52C
:101220000070CB69B3B9D0F80C329343C0F80C32DC
:101230008C894B6864F31F434C6900EBC404C4F809
:1012400040320C890B6864F31F434C6900EBC40403
:10125000C4F84432CB69012B16D1D0F80C321343B9
:10126000C0F80C320C884B6864F31F434C6900EBE8
:10127000C404C4F840320C89CB6864F31F434C6942
:1012800000EBC404C4F844328B697BB1D0F804325B
:101290001343C0F804320B6973B1D0F8143213430E
:1012A000C0F81432096A01290CD010E0D0F80432D9
:1012B0009343C0F80432EEE7D0F814329343C0F8F9
:1012C0001432EFE7D0F81C121143C0F81C12D0F80A
:1012D000001221F00101C0F80012002010BD000032
:1012E00000640040704730B590F82040012C09D0D0
:1012F00090F82040022C05D0416A41F480214162DF
:10130000012030BD11B101290AD00DE00468E46864
:10131000A40709D1416A41F400114162012030BDA6
:1013200004682469A40750D04FF4D874056804EB0E
:1013300001142D5905F004059560F5B305682D5984
:10134000ED08556005682C59C4F34004D4604FF48F
:10135000DA74056804EB01142D5905F00F051561C9
:1013600005682D59C5F30725956105682C59240C8E
:1013700054614FF4DC72046802EB0112A4581C7033
:101380000468A458240A5C700468A458240C9C7057
:101390000468A258120EDA704FF4DE72046802EB91
:1013A0000112A4581C710468A458240A5C710468D2
:1013B000A458240C9C71046800E00CE0A258120EA2
:1013C000DA7169B1012911D015E0416A41F40011C7
:1013D0004162012030BD05682D596D0D1560B1E7E2
:1013E0000068C16841F02001C16004E00068016943
:1013F00041F020010161002030BD2DE9F05F05467C
:10140000002428684669D0F804908768D0F80CA0BA
:10141000D0F810B0D0F81880F10748D0F90714D0F0
:1014200001218160B80703D5284600F07BFA0CE063
:10143000780702D54FF4006407E0380702D54FF46F
:10144000805402E0284600F06CFAF80516D52968A9
:101450004FF480708860B80503D5284600F064FA20
:101460000CE0780502D544F4005407E0380502D5B5
:1014700044F4804402E0284600F055FAF80316D5FB
:1014800029684FF480308860B80303D5284600F0FF
:101490004DFA0CE0780302D544F4004407E0380329
:1014A00002D544F4803402E0284600F03EFA3007CA
:1014B00007D55FEACA6004D544F400742968102097
:1014C000C86070074FF0080707D55FEA0A7004D5B7
:1014D0002868C760284600F0ABF9B00706D5286831
:1014E000C068800702D0284600F0A4F9700607D52E
:1014F0005FEACB6004D544F4806429681020086159
:10150000B00607D55FEA0B7004D528680761284646
:1015100000F0D8F9F00606D528680069800702D0E7
:10152000284600F0D0F9B00308D55FEAC96005D5B8
:10153000296810204860284600F0C6F9F00307D556
:101540005FEA097004D528684760284600F0EFF983
:10155000300446D55FEA497040D5F00504D55FEA0E
:10156000C87001D044F00104B00504D55FEA88706A
:1015700001D544F00204700504D55FEA487001D536
:1015800044F00404300529D518F0700F26D008F077
:101590007000402815D006DC102809D020280AD079
:1015A000302816D10AE050280ED0602811D10EE064
:1015B00044F008040DE044F010040AE044F0200474
:1015C00007E044F0400404E044F0800401E044F407
:1015D00080742868816921F0700181612968042084
:1015E0004860002C05D0686A204368622846FFF7EF
:1015F00079FEBDE8F09F70B50446002C03D094F846
:10160000200010B104E0012070BD204600F09CF8DD
:101610002068016821F00201016000F039FD0546F3
:1016200005260CE000F034FD401B0A2807D9606A4B
:1016300040F40030606284F82060012070BD2068B2
:1016400040688007EED42068016841F00101016024
:1016500000F01EFD05460CE000F01AFD401B0A28B4
:1016600007D9606A40F40030606284F8206001208D
:1016700070BD20684068C007EED0207E01283FD0B2
:101680002068016821F080010160607E01283DD062
:101690002068016821F040010160A07E01283BD054
:1016A0002068016821F020010160E07E012839D026
:1016B0002068016841F010010160207F012837D0C7
:1016C0002068016821F008010160607F012835D0A1
:1016D0002068016821F004010160D4E90201084397
:1016E000D4E90412114308436168491E0843216884
:1016F000C86100206062012084F82000002070BDD5
:101700002068016841F080010160BEE7206801683F
:1017100041F040010160C0E72068016841F020010C
:101720000160C2E72068016821F010010160C4E790
:101730002068016841F008010160C6E7206801687F
:1017400041F004010160C8E7F0B587B0334B016890
:10175000DFF8C4C01868032402260927401C304A59
:101760000025614525D11860012807D1106840F097
:1017700000701060106800F00070019002940396F1
:1017800004950594069702A9264800F083FB0022E1
:101790001146142000F008FD142000F0FAFC00228D
:1017A0001146152000F000FD152000F0F2FC07B0F6
:1017B000F0BDDFF874C06145F9D1116841F0806176
:1017C0001160116801F0806101911860012807D152
:1017D000106840F000701060106800F00070019018
:1017E0004FF440500290039604950594069702A981
:1017F0000E4800F04FFB00221146402000F0D4FCC0
:10180000402000F0C6FC00221146412000F0CCFC34
:10181000412000F0BEFCCAE7006400400400002044
:1018200040380240000C02400068004000040240C2
:101830007047000010B588B01B4B01AA0021FFF7CC
:1018400052FD18B1572119A006F019F90198A0F519
:10185000007159391CD000200599134A184C0829E9
:1018600018D00599062913D16168135C01F8013B72
:101870006160401CC0B20628F6D30B481630606089
:10188000014616221630FEF7E0FC2068401C20605E
:1018900008B010BD6168135C01F8013B6160401C39
:1018A000C0B20828F6D3F3E7FE2600202E2E2F42E2
:1018B00053502F6273705F63616E2E6300000000EF
:1018C000BC00002070477047704770B5044694F81C
:1018D0002000012805D0606A40F4002060620120E9
:1018E00070BD022084F820002068016821F0010109
:1018F000016000F0CDFB05460DE000F0C9FB401B88
:101900000A2808D9606A40F400306062052084F833
:101910002000012070BD20684068C007EDD16062E2
:1019200070BD704770477047704770477047704789
:1019300090F83510022903D08021416501207047BD
:10194000052180F835100068016821F0010101606F
:101950000020704770B50446002C24D094F8350060
:10196000022822D02068016821F00101016020686E
:101970000025056020684560206885602068C56096
:10198000206805612168212048612046FFF714FA8C
:1019900034343F2194F8282091408160256265709D
:1019A0002570002070BD012070BD022070BD0000B8
:1019B0002DE9F84304464FF00009CDF800906F4838
:1019C0004FF416510068B0FBF1F7A56D2E6894F83E
:1019D0005C00082202FA00F1314210D02068016850
:1019E00049070CD5016821F00401016094F85C00FE
:1019F00002FA00F1A960606D40F00100606594F8A2
:101A00005C104FF0010808FA01F0304208D021685C
:101A10004969090604D5A860606D40F00200606560
:101A200094F85C1004208840304208D0216809688E
:101A3000890704D5A860606D40F00400606594F8E3
:101A40005C1010208840304220D0216809680907C6
:101A50001CD5A8602068016849030CD50068000304
:101A600004D4216C91B1204688470FE0A16C69B184
:101A7000204688470AE00168C90503D4016821F0BF
:101A800008010160216C09B12046884794F85C1078
:101A90002020884030424CD021680968C90648D5CA
:101AA000A86094F8350005280BD020680168490328
:101AB00030D50068000328D4616C51B320468847B4
:101AC00037E02068016821F0160101602068416953
:101AD00021F080014161206C08B9A06C20B1206820
:101AE000016821F00801016094F85C103F208840F3
:101AF000A86084F8349084F83580216D00293BD0AB
:101B000001B02046BDE8F0430847E16B09B120462B
:101B100088470EE00168C90507D4016821F010016B
:101B2000016084F8349084F83580E16B09B1204677
:101B30008847606D00281FD0606DC00714D0052055
:101B400084F835002068016821F0010101600098E7
:101B5000401C0090B84203D820680068C007F6D146
:101B600084F8349084F83580E16C002904D001B009
:101B70002046BDE8F0430847BDE8F8830000002098
:101B80002DE9F041044600F083FA05465CB10026D9
:101B900084F83460022084F835002068016821F060
:101BA000010101600DE00120BDE8F08100F070FA54
:101BB000401B052805D920206065032084F83500E6
:101BC000F2E720680068C007F0D121680A68204861
:101BD0000240D4E901031843D4E903352B431843E9
:101BE00063691843A3691843E3691843236A1843D8
:101BF0001043626A042A03D1D4E90B231A43104329
:101C000008602068406920F00700656A294605439E
:101C1000012704290DD1A06A0543E06A48B1204696
:101C2000FFF7E0F828B14020606584F835700120A6
:101C3000BAE7206845612046FFF7BEF894F85C20BB
:101C40003F2191408160666584F835700020ABE7E4
:101C50003F8010F070B50446002594F83400012848
:101C60000CD0012084F8340094F835600020012E57
:101C700006D084F834000225284670BD022070BDCD
:101C8000022684F8356060652046FFF7E7F8206893
:101C9000016841F001010160EEE72DE9F0410446E1
:101CA0000025A66D94F8340001280DD0012084F899
:101CB000340094F835700020012F07D084F83400E8
:101CC00002252846BDE8F0810220FBE7022784F8C0
:101CD000357060652046FFF7C1F894F85C103F202E
:101CE0008840B0602068016841F0160101602068FA
:101CF000416941F080014161206C20B12068016898
:101D000041F0080101602068016841F001010160B3
:101D1000D7E7000070B5044600F0BAF90546601C2C
:101D200002D004480078044400F0B2F9401BA042FD
:101D3000FAD370BDE40000202DE9F04F0023DFF856
:101D400024814FF0010C0F270CFA03F201EA020480
:101D500094427DD106684FEA4309032505FA09F547
:101D6000AE430660DE0800EB8609D9F820A05E07C6
:101D70004FEAD66B07FA0BFB2AEA0B0A3E46C9F874
:101D800020A0D0F8089029EA0509C0F80890D0F8FA
:101D9000049029EA0209C0F80490C268AA43C2600C
:101DA00023F0030202EB0805D5F808284FEA8379EF
:101DB0004FEA197906FA09F606EA020A2A4A904217
:101DC00001D100222DE0294A904201D1012228E0D0
:101DD000274A904201D1022223E0264A904201D1B3
:101DE00003221EE0244A904201D1042219E0234A32
:101DF000904201D1052214E0214A904201D10622ED
:101E00000FE0204A904201D107220AE01E4A904288
:101E100001D1082205E01D4A904201D1092200E0CB
:101E20000A2202FA09F2524516D1D5F80828B2431F
:101E3000C5F80828164A1568A5431560121D1568CF
:101E4000A5431560121D1568A5431560121D00E01D
:101E500002E01568A54315605B1C102BFFF474AFFE
:101E6000BDE8F08F00300140000002400004024055
:101E700000080240000C0240001002400014024022
:101E800000180240001C02400020024000240240D2
:101E9000003C01402DE9F84F0022DFF8A491DFF863
:101EA000A08109F108094FF0010E4FF00F0C09F164
:101EB000040A0EFA02F60B683340B34271D14C6843
:101EC000022C01D0122C11D1D40800EB84073D6AFA
:101ED0005407E40E0CFA04FB25EA0B05D1F810B008
:101EE0000BFA04FB4BEA050BC7F820B00768540057
:101EF0000325A540AF4391F804B00BF0030B0BFA98
:101F000004FB4BEA070BC0F800B04F68012F05D067
:101F1000022F03D0112F01D0122F11D18768AF43A8
:101F2000D1F80CB00BFA04FB4BEA070BC0F808B071
:101F30004768B7430E79C6F3001696403E434660A5
:101F4000C668AE438D68A5403543C5604C68E40063
:101F50006FD53C4C256845F480452560246804F421
:101F600080440094384C22F003052544D5F80878C5
:101F70009407260F0CFA06F4A743344CA04201D173
:101F800000242EE0324CA04201D1012429E0314C42
:101F9000A04201D1022424E02F4CA04202D103240C
:101FA0001FE046E02D4CA04201D1042419E02C4C46
:101FB000A04201D1052414E02A4CA04201D10624FC
:101FC0000FE0294CA04201D107240AE0274CA0428F
:101FD00001D1082405E0264CA04201D1092400E0EB
:101FE0000A24B4403C43C5F80848D8F800409C4354
:101FF0004D68ED0300D51C43C8F80040104D2D1D61
:102000002C689C434E68B60300D51C432C60D9F85D
:1020100000409C434D68ED0200D51C43C9F80040C8
:10202000DAF800409C434D68AD0200D51C43CAF865
:102030000040521C102AFFF43CAFBDE8F88F0000AE
:10204000003C0140443802400030014000000240A2
:102050000004024000080240000C02400010024050
:102060000014024000180240001C02400020024000
:10207000002402400069084201D00120704700207E
:102080007047002A01D0816170470904816170475F
:102090000148806870470000E40000200248816821
:1020A0000278114481607047E400002010B50B48AD
:1020B000016841F400710160016841F480610160D0
:1020C000016841F480710160032000F08DF8002068
:1020D00000F006F800F026F8002010BD003C024099
:1020E00070B504460D4D4FF47A712878B1FBF0F0CD
:1020F0000B490968B1FBF0F001F0E8FE08B10120DE
:1021000070BD102C07D200222146501E00F04CF862
:102110006C60002070BD012070BD0000E400002054
:102120000000002010B5032000F05EF800221146E8
:102130006FF00B0000F038F8002211466FF00A0033
:1021400000F032F8002211466FF0090000F02CF880
:1021500000221146501F00F027F800221146101FE0
:1021600000F022F800221146901E00F01DF8002217
:10217000BDE810401146501E00F016B800F01F02D6
:10218000012191404009800000F1E020C0F8801159
:10219000704700F01F02012191404009800000F1CA
:1021A000E020C0F800117047F0B40D460D4B1B68DD
:1021B000C3F30223C3F10704042C00D90424191D1E
:1021C000072901D2002300E0DB1E012606FA04F1F4
:1021D000491E294099409E40761E16403143F0BC6E
:1021E00002F09ABD0CED00E000F00701054A10680E
:1021F0004FF6FF03184040EA0120034908431060EE
:10220000704700000CED00E00000FA050068416234
:102210000020704770B500230068446A002906D08A
:10222000856A04EB15444FF48275491E0AE044EABE
:10223000024181620DE005EB8306865904EB1644EA
:102240005B1CDBB28B42F6DB05EB810144EA024208
:102250004250002070BDD0F8EC0304F037BCC1EB55
:10226000C10200EB8202D0F8EC03526C04F09BBB7D
:10227000C1EBC10200EB8202D0F8EC03D2F80422D9
:1022800004F0EEBBD0F8EC0304F022BC10B5044619
:102290000A4602F07F00C0EBC001130604EB810187
:1022A00001D5383101E001F5FC710870D0094870A2
:1022B00094F8B803012809D0012084F8B8032068F5
:1022C00004F0B2FF002084F8B80310BD022010BD56
:1022D00070B504460846010600F07F0205D5C2EB42
:1022E000C20104EB8101383105E0C0EBC00104EB11
:1022F000810101F5FC7100258D700A70C0094870DC
:1023000094F8B803012809D0012084F8B8032068A4
:1023100005F070F984F8B853002070BD022070BD3C
:1023200001F00F01C1EBC10100EB8100B0F8100218
:1023300080B2704770B504460D4605F07F00C0EBD3
:10234000C0012E0604EB810101D5383101E001F511
:10235000FC710870ED094D708A60CB7005B1C880C2
:102360000025022B00D10D7194F8B803012809D083
:10237000012084F8B803206804F0A4FE284684F8FD
:10238000B85370BD022070BD70B50D4605F07F04D6
:10239000C4EBC40100EB810101F5FC71CA604B6123
:1023A00000238B614B700C700369012B00D10A6113
:1023B0006A0605D0027C006805F07EF9002070BD39
:1023C000027C006805F056F8F8E770B504460D4643
:1023D000290605F07F0005D5C0EBC00104EB8101A3
:1023E000383105E0C5EBC50104EB810101F5FC7155
:1023F00001228A700870E809487094F8B80301282F
:1024000007D084F8B823206805F026F9680602D0C2
:1024100007E0022070BD217C04F56F72206805F092
:10242000CDF8002084F8B80370BD70B50D4605F0F6
:102430007F04C4EBC40100EB81013831CA604B61F9
:1024400000238B6101234B700C700369012B00D1B9
:102450000A616A0605D0027C006805F02DF90020AB
:1024600070BD027C006805F005F8F8E72DE9F84F2B
:10247000044626680025304605F082FA002872D10D
:10248000206805F0A6FA00286DD0206805F0A1FAB2
:10249000800704D52068416901F00201416120688C
:1024A00005F097FA010304F56F704FF001094FF042
:1024B000080A4FF0100B00904AD5206805F06BFA1F
:1024C000074643E0F8073FD0E9B2206805F079FA03
:1024D00080465FEAC87026D006EB4512C2F8089B1A
:1024E000206901280FD1C5EBC50004EB800000F581
:1024F0000070D2F8102B0168C2F312028A1A02612E
:10250000426811444160E9B22046FFF7B1FE2069FC
:10251000012808D13DB9D4F80C0220B92068012166
:10252000009A05F04BF85FEA087006D5204600F0E7
:10253000E4FA06EB4510C0F808AB5FEAC86003D5C3
:1025400006EB4510C0F808BB6D1C7F08002FB9D101
:10255000206805F03EFA40035BD5206805F014FAC8
:102560008046002552E0DFE15FEAC8704BD0E9B257
:10257000206805F017FA0746F80724D009FA05F095
:10258000D6F834188143C6F8341806EB4510C0F865
:1025900008992069012807D1C5EBC50004EB80002C
:1025A000D0E9102111444164E9B22046FFF757FEFB
:1025B0002069012807D135B9E06C20B920680121D4
:1025C000009A04F0FBFF380703D506EB4510C0F86E
:1025D00008A9F80603D506EB4510C0F808B9780637
:1025E00004D506EB45114020C1F80809B80704D509
:1025F00006EB45110220C1F80809380603D5294623
:10260000204602F09FFB6D1C4FEA5808B8F1000FFE
:10261000AAD1206805F0DDF900280DDAD6F8040803
:1026200020F00100C6F80408204600F04CFA2068AB
:10263000416901F000414161206805F0CAF90005D7
:102640000BD5D6F80808C00702D0204600F072FA71
:102650002068416901F400614161206805F0B9F921
:10266000C0044BD5D6F8040820F00100C6F80408D1
:102670001021206805F054F90020FF2206E006EB47
:102680004011C1F80829C1F8082B401C616881423B
:10269000F5D84FF0FF30C6F81808D6F81C0840F0FF
:1026A0000110C6F81C08206B60B1D6F8840840F011
:1026B0000B00C6F88408D6F8440840F00B00C6F8B2
:1026C00044080BE0D6F8140840F00B00C6F81408D4
:1026D000D6F8100840F00B00C6F81008D6F800082D
:1026E00020F4FE60C6F80008217C2068009A04F0FF
:1026F00065FF2068416901F480514161206805F05F
:1027000068F9800474D5206804F01EFD2068C16853
:1027100021F47051C160206805F014F980B10320E4
:10272000E0604020606100F0BFFA8049804A0144C7
:10273000914210D22068C16841F47051C16068E0D4
:102740000020E0604FF4007060612068C16841F4CF
:102750001051C1605DE07749774A0144914205D24A
:102760002068C16841F46051C16052E07349744A05
:102770000144914205D22068C16841F45051C160C2
:1027800047E07049704A0144914205D22068C1680F
:1027900041F44051C1603CE06C496D4A01449142B2
:1027A00005D22068C16841F43051C16031E0694907
:1027B000694A0144914205D22068C16841F4205120
:1027C000C16026E06549664A0144914205D220680D
:1027D000C16841F41051C1601BE06249624A014482
:1027E000914206D22068C16841F40051C16010E0F6
:1027F00017E05E4908445E49884205D22068C168F6
:1028000041F4E051C16004E02068C16841F4C05166
:10281000C160204600F046F92068416901F400518A
:102820004161206805F0D5F8C00637D52068816978
:1028300021F010018161D6F8208008F00F00C0EB74
:10284000C00004EB800707F5FC77C8F3434002287B
:1028500002D0062813D01CE047F6F07018EA000FEB
:1028600017D0C8F30A1290463046F96805F0B5F85B
:10287000F8684044F860B8694044B86109E008224B
:102880003046009905F0A9F8B869C8F30A11084460
:10289000B8612068816941F010018161206805F00C
:1028A00098F8000707D5204600F011F92068416923
:1028B00001F008014161206805F08BF8C00208D5DD
:1028C000E9B2204600F056F82068416901F4801111
:1028D0004161206805F07DF8800208D5E9B2204604
:1028E00000F04CF82068416901F400114161206852
:1028F00005F06FF8400007D52046FFF7ACFC2068D4
:10290000416901F080414161206805F062F84007AB
:102910000AD520684568680702D52046FFF7B2FC53
:102920002068416829434160BDE8F88F405327FF84
:1029300000350C00401E1BFF40420F0000DC0BFF67
:10294000804F1200808CF9FE20D6130060B6E5FEA1
:1029500060E3160000D3CEFE40771B00C05BB3FEE1
:10296000C091210000CA91FE20753800E05459FE44
:10297000E09C4100D0F8EC0304F00AB9D0F8EC0375
:1029800004F008B9F0B58BB004460025002C54D0F3
:10299000032084F8B903204600F052F8206804F0C0
:1029A00063FD04F1100128220F466846FDF74DFC37
:1029B00094E80F0004F0E2FB0021206805F01DF808
:1029C00001260022C5EBC50004EB800038304670BC
:1029D0000570C580C2708260C26042616D1C0F2D9F
:1029E000F0D300204FF48273C0EBC00104EB8101EF
:1029F00081F8F92181F8F801C88781F8FB21C1F835
:102A00000022C1F80422C1F80C22216803EB8005E2
:102A10004A51401C0F28E7D3282239466846FDF763
:102A200014FC94E80F0004F07DFC84F8B96320687E
:102A300004F06CFC00200BB0F0BD0120FBE70000AF
:102A400000B587B00068B0F1A04F25D14FF4C05059
:102A500002900220039000200490032005900A2099
:102A6000069002A90D48FFF715FA0D48016841F0DC
:102A7000800101600A481030016841F48041016022
:102A8000006800F480400190002211464320FFF7C7
:102A90008BFB4320FFF77DFB07B000BD0000024029
:102AA0003438024010B504460121E068002800D106
:102AB0000021D4F8EC0304F0D0F8D4F8EC03BDE81E
:102AC000104004F098B8D0F8EC0304F0B4B8D0F893
:102AD000EC0304F0B6B810B5044694F8B803012826
:102AE00009D0012084F8B803206804F09DFF00207D
:102AF00084F8B80310BD022010BDD0F8EC2300F517
:102B00006F71104604F0C2B810B5044694F8B803CB
:102B100001280CD0012084F8B803206804F0EAFBF7
:102B2000206804F0E7FE002084F8B80310BD0220FE
:102B300010BD000010B50446D4F8EC0304F0FFF813
:102B40002068D0F8001E41F00101C0F8001E206A84
:102B5000002804D00248016841F00601016010BD60
:102B600010ED00E02DE9F04704460D46002C13D08F
:102B7000DFF82491D9F80000EFB200F00F00A8426E
:102B80000CD289F80070D9F8000000F00F00A842BC
:102B900004D00120BDE8F0870120FBE720683F4E0C
:102BA000810712D5400703D5306840F4E05030600B
:102BB0002078000703D5306840F46040306030680A
:102BC000A16820F0F000084330602078C00731D0C1
:102BD000324960680839012808D002280BD0032840
:102BE00009D0096889070BD40120D3E70968890354
:102BF00006D40120CEE70968890101D40120C9E784
:102C0000316821F0030101433160FFF741FA80464A
:102C100041F2883A07E0FFF73BFAA0EB0800504585
:102C200001D90320B6E73068616800F00C00B0EB12
:102C3000810FF0D1D9F8000000F00F00A84209D9A7
:102C400089F80070D9F8000000F00F00A84201D008
:102C500001209FE72078400705D53068E16820F41F
:102C6000E050084330602078000706D530682169BD
:102C700020F4604040EAC100306000F03BF8316869
:102C8000074AC1F30311515CC8400649086000209F
:102C9000FFF726FA00207DE7003C0240083802409A
:102CA00060900008000000200148006870470000A4
:102CB0000000002000B5FFF7F7FF04490968044A47
:102CC000C1F38221515CC84000BD000008380240B9
:102CD0007090000800B5FFF7E7FF04490968044A4F
:102CE000C1F34231515CC84000BD000008380240C9
:102CF0007090000810B51748006810F00C011648D5
:102D000016D0164B042912D0082911D1114C241FBA
:102D1000216801F03F02216849020AD52068C0F30A
:102D20008810A0FB03010023FDF75EFA09E01846B6
:102D300010BD21680023C1F38811A1FB0001FDF73C
:102D400053FA2168C1F30141491C4900B0FBF1F07D
:102D500010BD0000083802400024F400001BB7003A
:102D60002DE9F84F0446002C10D02078DC4DC00728
:102D700057D0DB4808300168C1F3810101290DD02B
:102D80000068C0F38100022803D00EE00120BDE8F6
:102D9000F88FD348001D0068400206D528688003DC
:102DA0003FD5606870BB0120F1E76068B0F5803FF7
:102DB00010D0B0F5A02F12D0286820F48030286001
:102DC000286820F4802028606068E0B1FFF760F98F
:102DD000064614E0286840F480302860F4E728684C
:102DE00040F480202860286840F480302860EBE7B9
:102DF000FFF74EF9801B642801D90320C7E7286834
:102E00008003F5D50DE0FFF743F9064606E0FFF72E
:102E10003FF9801B642801D90320B8E728688003A4
:102E2000F5D42078AF4F80074FF0000849D5AC4863
:102E30000830016811F00C0F09D00068C0F3810060
:102E4000022814D1A648001D006840020FD428684B
:102E5000800704D5E068012801D0012097E72868A1
:102E6000216920F0F80040EAC100286029E0E0680C
:102E7000B8B101203860FFF70BF9064606E0FFF70E
:102E800007F9801B022801D9032080E72868800702
:102E9000F5D52868216920F0F80040EAC1002860D3
:102EA0000FE0C7F80080FFF7F3F8064606E0FFF7EB
:102EB000EFF8801B022801D9032068E72868800703
:102EC000F5D42078000729D5DFF814928648616987
:102ED00009F1740989B101210160FFF7D9F80646AB
:102EE00006E0FFF7D5F8801B022801D903204EE742
:102EF000D9F800008007F4D510E0C0F80080FFF793
:102F0000C7F8064606E0FFF7C3F8801B022801D980
:102F100003203CE7D9F800008007F4D4207840076C
:102F200072D50026DFF8B8A10AF1400ADAF80000ED
:102F3000C0000BD4DAF8000040F08050CAF800005E
:102F4000DAF8000000F0805000900126DFF89CB114
:102F5000DBF80000C00515D4DBF8000040F48070F9
:102F6000CBF80000FFF794F8814607E0FFF790F8F0
:102F7000A0EB0900022801D9032008E7DBF80000D4
:102F8000C005F3D5DFF858B1A0680BF1700B01282C
:102F900013D0052818D0DBF8000020F00100CBF892
:102FA0000000DBF8000020F00400CBF80000A0686F
:102FB00030B3FFF76DF881461DE0DBF8000040F00C
:102FC0000100CBF80000F2E7DBF8000040F004005D
:102FD000CBF80000DBF8000040F00100CBF8000067
:102FE000E5E7FFF755F8A0EB090141F2883081428F
:102FF00001D90320CBE6DBF800008007F1D512E011
:10300000FFF746F881460AE015E0FFF741F8A0EB2C
:10301000090141F28830814201D90320B7E6DBF88B
:1030200000008007F1D4012E05D1DAF8000020F06D
:103030008050CAF80000A069C0B329490831096866
:10304000C1F38101022949D0022805D0C7F8608068
:10305000FFF71EF804463CE0C7F86080FFF718F859
:10306000064606E0FFF714F8801B022801D903206A
:103070008DE628688001F5D4D4E907010843616A28
:10308000A26A4FF0FF33890103EB520241EA024189
:10309000084394F82C1040EA01611148001D0160BA
:1030A00001203866FEF7F4FF044607E014E0FEF75F
:1030B000EFFF001B022801D9032068E62868800181
:1030C000F5D509E0FEF7E4FF001B022801D9032033
:1030D0005DE628688001F5D4002058E6012056E618
:1030E0000038024000004742800E47420070004016
:1030F000704770B58AB004460D46032084F834004A
:10310000606C03281ED0B5F5805F08D0B5F5006F60
:103110000AD085B1A06B40F00060A06316E0A06B00
:1031200040F08050A06311E0204602F0AFFBA16B9D
:103130000143A1630AE0204602F07FFBA16B01433B
:10314000A16303E0A06B40F08050A063A06B012658
:1031500040B1216840F2FF50886384F83460012058
:103160000AB070BD60680490A0680590E0680690A1
:10317000079560690890A069099007A807C88DE8BD
:10318000070004A920680EC901F048FE84F83460E5
:103190000020E5E77047F0B5426E120E93090B7000
:1031A000C2F383034B7002F003028A70426E120C6A
:1031B000CA70B0F86420120A0A7190F864204A714B
:1031C000826E120E4FF6FF7303EA0212CA80826EFD
:1031D000C2F30742CB8843EA1213CB8002F00F02FE
:1031E0000A72B0F86820C2F30722D3094B72C2F307
:1031F00080138B72C2F34013CB72C2F300130B73B4
:1032000000264E73436C01254FF40077002B0DD040
:10321000012B44D0026840F2FF519163816B41F071
:103220008051816380F834500120F0BD9207120D67
:103230000A6190F868200B6943EA82020A61C26E53
:10324000120E0B6943EA92130B61C2F3C2030B75B2
:1032500002F007024A75C26EC2F3074253098B752A
:10326000C2F38203CB759207520F0A76B0F86C2036
:10327000C2F307220B7E43EAD2130B760C69641C5F
:1032800044650B7E9B1C9C40446591F808C005FA80
:103290000CF383655B0A5C43C46507661CE090F829
:1032A00068209206920A0A61C26E120E0B6943EA06
:1032B00002220A61C26EC2F307420B6913430B611B
:1032C000B0F86C20C2F307220B695B1C4FEA832322
:1032D0004365C36587650766C2F3801301F8193F2C
:1032E0004FEA82624FEA52624A7010F86C2F4B78B4
:1032F00043EAD2134B7002F07F028A7042684FEAB1
:1033000012624FEAD213CB70C2F341130B71C2F3B6
:1033100082034B714FEA82724FEA12728A714268DD
:10332000C2F307428B7943EA92138B71C2F34013C5
:10333000CB710E7202F001024A728288C2F3072238
:103340004FEAD2138B72C2F38013CB72C2F34013D5
:103350000B73C2F300134B73C2F381038B7302F040
:103360000302CA7300794FEA500008744D744FF09D
:103370000000F0BD426C0A60826C4A60C26C8A60D8
:10338000026DCA60426D0A61826D4A61C26D8A61D6
:10339000006EC8610020704738B5044600200090D8
:1033A0006946204602F032FA10B1A16B0143A163D5
:1033B0000098C0F3432038BD70B504462068416BC7
:1033C0004FF00105CA0540F23A314DD52A02826319
:1033D0002068C26B8A43C263206B000723D5206B31
:1033E000800702D4206B800609D5206801F098FE82
:1033F00028B1A16B0143A1632046FFF7CBFE2168F2
:1034000040F2FF50886384F83450206BC00702D12B
:10341000206B800703D5204600F02AFA70BD2046B5
:1034200000F027FA70BD206B0006FBD5206B8006EC
:1034300009D5206801F074FE28B1A16B0143A16396
:103440002046FFF7A7FE206BC007EBD1206B80075B
:10345000E8D42068C16A21F00801C16284F83450C0
:10346000204600F006FA70BD426B520407D54FF4B7
:10347000804181632046BDE8704002F030BA426B63
:10348000120407D54FF4004181632046BDE8704027
:1034900002F0ABB9426B40F23A231A42E3D0426BDE
:1034A000920703D5A26B42F00202A263426B12079D
:1034B00003D5A26B42F00802A263426B920603D5C9
:1034C000A26B42F02002A263426BD20603D5A26B2C
:1034D00042F01002A263426B920503D5A26B42F048
:1034E0000802A26340F2FF7282632068C26B8A43C3
:1034F000C263206B000623D5206C58B115490165C5
:10350000206CFEF715FA0028ADD0206CBDE87040A5
:1035100001F0E7BFE06B58B10F490165E06BFEF7C2
:1035200007FA00289FD0E06BBDE8704001F0B4BFFF
:103530000020A06384F834502046FFF7D9FD70BD09
:10354000206B0007FBD584F834502046FFF722FE9D
:1035500070BD0000E35400089954000870B504469B
:10356000002C04D094F83400002510B105E00120AF
:1035700070BD2577204600F047F8032084F834001A
:10358000204600F007F8A5632563012084F8340085
:10359000002070BD70B58AB00446002504950595DD
:1035A000069507950895762009900095CDE901507C
:1035B0002B462A462946206801F030FC114E356022
:1035C000206801F040FC012535600220FEF7A2FBD7
:1035D000204602F0A8F838B184F83450A16B0143BA
:1035E000A16301200AB070BD204602F02BF830B173
:1035F00084F83450A16B0143A1630120F2E700205D
:10360000F0E70000A0802542F0B587B000681749B8
:10361000884229D100271648016841F40061016001
:10362000006800F4006001904FF4F850029002240A
:1036300003940497032505950C26069602A90D48C8
:10364000FEF728FC04200290039404970595069643
:1036500002A90948FEF71EFC002211463120FEF7A0
:10366000A3FD3120FEF795FD07B0F0BD002C014011
:103670004438024000080240000C02402DE9F04F9F
:1036800087B004460D4693469A46109EFEF700FD0D
:1036900080465DB194F8340001280DD0A06B40F055
:1036A0000050A063012007B0BDE8F08FA06B40F090
:1036B0000060A0630120F6E70027A763E16D0BEB34
:1036C0000A00884205D9A06B40F00070A063012079
:1036D000E9E7032084F834002068C762606C0128A1
:1036E00001D04FEA4B2B4FF40071206801F0FAFB38
:1036F00040F2FF59012148B12268C2F83890A26B0C
:103700000243A26384F834100120CCE74FF0FF306D
:1037100001904FEA4A2002909020039002200490EA
:1037200005970F46069101A9206801F051FBBAF1F7
:10373000010F06D9022020635946206801F030FCB1
:1037400004E027635946206801F043FC58B3216820
:10375000C1F83890A16B0143A16384F83470012053
:10376000A1E7406B00040CD54FF0000B206801F07E
:103770006EFB45F82B000BF1010BBBF1080FF5D3E5
:1037800020352EB1FEF784FCA0EB0800B0420AD32E
:103790002068C0F83890A06B40F00040A06384F827
:1037A000347003207FE72068416B40F22A321142D7
:1037B000D7D02168496BC90512D5BAF1010F0FD9CD
:1037C000616C03290CD001F0ABFC48B12168C1F851
:1037D0003890A16B0143A16384F83470012062E743
:1037E0002068416B090709D5C0F83890A06B40F0FC
:1037F0000800A06384F83470012054E7416B890706
:1038000009D5C0F83890A06B40F00200A06384F89E
:103810003470012047E7416B89061ED5C0F8389007
:10382000A06B40F02000A06384F8347001203AE7D8
:1038300001F00DFB01C52EB1FEF72AFCA0EB08003C
:10384000B0420AD32068C0F83890A06B40F0004026
:10385000A06384F83470012025E72068416B890259
:10386000E6D42068C0F8389084F8347000201AE755
:10387000704770472DE9F04F87B004460E46154655
:103880009A46DDF840B0FEF703FC00905EB194F874
:10389000340001280DD0A06B40F00050A06301203F
:1038A00007B0BDE8F08FA06B40F00060A06301207E
:1038B000F6E70020A063E26D05EB0A01914205D90D
:1038C000A06B40F00070A0630120E9E7032184F8B9
:1038D000341021680020C862606C012800D06D029D
:1038E0004FF40071206801F0FDFA40F2FF584FF0EC
:1038F000010948B12168C1F83880A16B0143A16377
:1039000084F834900120CBE7BAF1010F07D92020C9
:1039100020632946206801F01DFC074606E01020C0
:1039200020632946206801F02EFC07464FB120682D
:10393000C0F83880A06B3843A06384F8349001202D
:10394000AEE74FF0FF3001904FEA4A2002909020FE
:103950000390002004900590CDF8189001A92068EC
:1039600001F036FA1FE0406B400409D5002506EB54
:103970008501206801F07EFA6D1C082DF7D32036F2
:10398000BBF1000F05D0FEF783FB0099401A5845A4
:1039900009D32068C0F83880A06B3843A06384F84E
:1039A000349003207CE72068416B40F21A321142C8
:1039B000D9D02168496BC90512D5BAF1010F0FD9C9
:1039C000616C03290CD001F0ABFB48B12168C1F850
:1039D0003880A16B0143A16384F8349001205FE734
:1039E0002068416B090709D5C0F83880A06B40F00A
:1039F0000800A06384F83490012051E7416B8907E7
:103A000009D5C0F83880A06B40F00200A06384F8AC
:103A10003490012044E7416BC90609D5C0F83880CD
:103A2000A06B40F01000A06384F83490012037E7C9
:103A3000C0F8388084F83490002031E770B504462F
:103A4000002C05D00025A56294F8510010B106E0C5
:103A5000012070BD84F85050204600F031F802205B
:103A600084F851002068016821F040010160D4E928
:103A700001010843D4E90312114308436169084373
:103A8000218B01F400710843E1690843216A08436E
:103A9000A16A084321680860A069042101EA104076
:103AA000616A0843216848602068C16921F40061A7
:103AB000C1616565012084F85100002070BD0000DF
:103AC000F0B587B000681E4A00251E49022603276C
:103AD000052490421DD1086840F4805008600868B1
:103AE00000F48050019018200290039604950597E9
:103AF000069402A91448FEF7CDF98020029003969F
:103B000004950597069402A91048FEF7C3F907B07B
:103B1000F0BD0F4A9042FAD1086840F48010086066
:103B2000086800F4801001904FF4607002900396D2
:103B300004950597069402A90648FEF7ABF9E6E757
:103B400000300140443802400004024000000240BE
:103B500000500140001402402DE9F84F04460D4684
:103B600093461E46002794F8500001280DD04FF0D0
:103B7000010A84F850A0FEF78BFA804694F85100B1
:103B8000B946012804D002279EE00220BDE8F88F44
:103B9000DDB1BBF1000F18D0032084F85100C4F848
:103BA00054902563A4F834B0A4F836B0C4F8389023
:103BB000A4F83C90A4F83E90C4F84490C4F8409017
:103BC000A068B0F5004F02D006E001277CE0206835
:103BD000016841F48041016020680168490603D40E
:103BE000016841F040010160E068B0F5006F05D068
:103BF000606850B3E08E012827D044E0606810B1BF
:103C0000E08E01281DD1216835F8020BC860E08ED6
:103C1000401EE08615E020688168890706D535F8E2
:103C2000021BC160E08E401EE0860AE03EB1701CBF
:103C300007D0FEF72DFAA0EB0800B04201D303270E
:103C400042E0E08E0028E6D120E0216815F8010B63
:103C50000873E08E401EE08615E0206881688907C1
:103C600006D515F8011B0173E08E401EE0860AE0C0
:103C70003EB1701C07D0FEF70BFAA0EB0800B04273
:103C800001D3032720E0E08E0028E6D1334601224D
:103C900002212046CDF8008001F0A4FE08B10327E0
:103CA00012E042463146204601F08AFE18B1012753
:103CB0002020606508E0A06818B92068C1688068A5
:103CC0000090606D00B1012784F851A084F85090F5
:103CD00038465BE72DE9F84F0446DDF828800D46AD
:103CE00016469B4601274FF0000994F85000012822
:103CF0000ED0012084F85000FEF7CAF9824694F8ED
:103D00005100616801280DD0B1F5827F07D102E032
:103D10000220BDE8F88FA16809B9042802D04FF04D
:103D20000209BDE045B13EB1BBF1000F04D094F8EB
:103D30005100012803D005E04FF00109B0E0052053
:103D400084F8510000206065A663A4F83EB0A4F892
:103D50003CB02563A4F836B0A4F834B020646064A5
:103D600020680168490603D4016841F04001016000
:103D7000E068B0F5006F05D06068B8B3E08E012848
:103D80003CD06AE0606810B1E08E01282FD1216834
:103D900035F8020BC860E08E401EE08627E067B170
:103DA000E08E50B120688168890706D535F8021B7E
:103DB000C160E08E401EE0860027E08F50B1206891
:103DC0008168C90706D0C06826F8020BE08F401E44
:103DD000E0870127B8F1FF3F09D0FEF759F9A0EBC2
:103DE0000A00404503D34FF0030959E006E0E08E96
:103DF0000028D4D1E08F0028D1D134E0216815F813
:103E0000010B0873E08E401EE08626E067B1E08E6D
:103E100050B120688168890706D515F8011B017328
:103E2000E08E401EE0860027E08F50B12068816858
:103E3000C90706D0C06806F8010BE08F401EE08776
:103E40000127B8F1FF3F08D0FEF722F9A0EB0A00E6
:103E5000404502D34FF0030922E0E08E0028D5D17F
:103E6000E08F0028D2D14346012202212046CDF81E
:103E700000A001F0B7FD10B14FF0030910E0524669
:103E80004146204601F09CFD20B14FF00109202061
:103E9000606505E0A06818B92068C1688068009076
:103EA00001205034607000202070484631E74FF008
:103EB000E021042804D0086920F00400086170475C
:103EC000086940F0040008617047704710B5401E53
:103ED000B0F1807F01D3012010BD4FF0E02460617C
:103EE0000F21601700F018FF0020A061072020615B
:103EF000002010BD10B5FFF7E8FF10BD10B590F819
:103F00003820012A25D0012280F83820CA680023F1
:103F10008C6822F4407222434C6822F4806222436F
:103F20000C6822F4006222430C6922F4805222437E
:103F30004C6922F400522243896922F480420A43E8
:103F400022F400420A4301684A6480F838300020B5
:103F500010BD022010BD30B590F83820012A20D0C5
:103F6000012380F83830022280F839200268546832
:103F700024F070045460026854680D682C43546047
:103F80000268946824F08004946002689468496828
:103F90000C43946080F83930002180F838100020FC
:103FA00030BD022030BD000030B585B0016800246E
:103FB00002250122B1F1804F0FD02048814217D154
:103FC0004FF4704000900195029403940495694663
:103FD0001B48FDF75FFF05B030BD0F200090019535
:103FE00002940394049269461648FDF753FFF2E7E2
:103FF000154B1648994213D10092019502940394EF
:1040000004956946FDF746FF4FF4E0500090019596
:1040100002940394049569460D48FDF73BFFDAE7E7
:104020000C4A9142D7D1E421009101950294039466
:10403000032104916946FDF72DFFCCE700080040FD
:10404000000C024000000240000C00400020024032
:10405000001C02400004014070B504460D4694F86F
:10406000380001280DD0012684F83860022084F839
:10407000390042B1042A1AD0082A2DD00C2A53D173
:104080003EE0022070BD2946206801F0E9FD20686D
:10409000816941F0080181612068816921F0040192
:1040A0008161206881692A69114381613CE0294668
:1040B000206801F005FE2068816941F4006181619A
:1040C0002068816921F480618161206881692A69A1
:1040D00041EA0221816127E02946206801F026FE9D
:1040E0002068C16941F00801C1612068C16921F0FF
:1040F0000401C1612068C1692A691143C16113E0EB
:104100002946206801F046FE2068C16941F400613B
:10411000C1612068C16921F48061C1612068C16901
:104120002A6941EA0221C16138346670002020709A
:1041300070BD10B50446002C03D094F8390010B1BE
:1041400007E0012010BD002084F83800204600F070
:104150000DF8022084F83900211D206801F01EFDB1
:10416000012084F83900002010BD000008B5006867
:104170001949B0F1804F0BD0184A904211D108680C
:1041800040F004000860086800F00400009008BDDA
:10419000086840F001000860086800F00100009025
:1041A00008BD0F4A904208D1086840F00800086036
:1041B000086800F00800009008BD0A498842FBD159
:1041C0000548001D016841F002010160006800F02F
:1041D0000200009008BD0000403802400008004086
:1041E000000C00400004014010B50446002C0CD027
:1041F000242084F83900204600F0CEF8002038341E
:1042000060606070A070207010BD012010BD70470C
:1042100008B500680168C90602D5016840680090C9
:1042200008BD000070B5044622681068D168526964
:1042300000F00F03002B08D1850606D58D0604D5A6
:104240002046BDE8704001F03CBE002B5ED002F07D
:10425000010301F490752B4358D0C30705D0CB055B
:1042600003D5E36B43F00103E363430705D5D307AD
:1042700003D0E36B43F00203E363830705D5D30761
:1042800003D0E36B43F00403E363030705D5D207D0
:1042900003D0E26B42F00802E263E26B002A2AD00C
:1042A000800604D5880602D5204601F00AFE206863
:1042B0004069C0F38010E16B090700D400B32046C9
:1042C00001F0DBFD20684169490615D5416921F0FF
:1042D00040014161606B58B115490165606BFDF7A4
:1042E00027FB002807D0606B016DBDE870400847D0
:1042F0002046FFF78CFF70BD2046FFF788FF70BD9A
:104300002046FFF784FF0020E06370BD020606D55B
:104310000A0604D52046BDE8704001F0A5BF40065E
:10432000F3D54806F1D52046BDE8704001F0B3BD95
:10433000E95D000870B50446002C04D094F83900FB
:10434000002510B106E0012070BD84F838502046E9
:1043500000F056F8242084F839002068C16821F460
:104360000051C160204601F0F5FD2068016921F48B
:10437000904101612068416921F02A014161206872
:10438000C16841F40051C160E563202084F8390020
:1043900084F83A00002070BD10B50446134A216825
:1043A000134891420FD1016821F010010160C02132
:1043B0001048FDF7C1FC606BFDF7CCFABDE810407A
:1043C0002520FDF7DBBE0C4A91420DD1016821F09A
:1043D000200101604FF484410848FDF7ADFCBDE8C1
:1043E00010404720FDF7CABE10BD0000001001407C
:1043F000443802400004024000140140001802400A
:104400002DE9F04186B004464C49DFF82CC1206804
:1044100002220123032500260F15604535D10868C7
:1044200040F010000860086800F010000090C02004
:1044300001900292039304950720059001A940483A
:10444000FDF728FD404D3F48286078046860AE6065
:10445000EE602F616E61AE61C014E8612E626E6223
:104460002846FDF78DFB18B1842138A003F007FB27
:104470006563AC63002211462520FDF795FE2520DB
:10448000FDF787FE06B0BDE8F081DFF8D4C06045D7
:10449000F8D1086840F020000860086800F02000AB
:1044A00000904FF4844001900292039304950820F9
:1044B000059001A92B48FDF7EDFC2248224D603004
:1044C000C03528604FF02068C5F804804020A860FF
:1044D000EE602F616E61AE61EE612E626E62284603
:1044E000FDF74EFB18B1B12118A003F0C8FA2563FF
:1044F000AC631448144D183860352860C5F8048042
:10450000AE60EE602F616E61AE61EE612E626E6232
:104510002846FDF735FB18B1C2210CA003F0AFFA15
:104520006563AC63002211464720FDF73DFE47203E
:10453000FDF72FFEA6E700000010014044380240BE
:104540000004024040640240400300202E2E2F430E
:104550006F72652F5372632F75736172742E6300CF
:10456000001401400018024090F83A30202B01D08E
:1045700002207047D1B1CAB190F83830012B17D062
:1045800081628285C2850021C163222280F83A209F
:1045900080F8381001684A6942F001024A610068F7
:1045A000C16841F49071C1600020704701207047DC
:1045B0000220704730B40368DC6844F01004DC600B
:1045C00030BCFFF7D1BF7047F7B5044694F8390007
:1045D000202801D00220FEBD019979B372B394F86E
:1045E000380001282DD0012084F838002162A284EF
:1045F000E2840025E563212084F83900236B12480A
:10460000D863236B11481864236B1148D864206B5E
:10461000056520681346001D266B02463046FDF7EF
:104620003CFB21686FF04000086084F83850206837
:10463000416941F0800141610020FEBDFFE701209A
:10464000FBE70220F9E70000435E0008715E000806
:10465000F95D000870477047FEE700001FB5154878
:10466000134901604FF48031416000218160016194
:10467000012484610162C1620F4A8262C160C46127
:1046800004634461FCF7D2FC18B148210BA003F08D
:10469000F6F9062000900194029469460548FCF75B
:1046A00017FC002803D0522104A003F0E8F91FBD35
:1046B00000200140A00500200100000F2E2E2F43F6
:1046C0006F72652F5372632F6164632E6300000065
:1046D00010B511480F49016003214160002181603C
:1046E000C1604FF4002202614FF440124261017632
:1046F00041768176C176017701214177FCF77BFF16
:10470000002805D0BDE81040462104A003F0B7B949
:1047100010BD000000640040500500202E2E2F43E5
:104720006F72652F5372632F63616E2E63000000FA
:1047300010B511480F4901600321416000218160DB
:10474000C1604FF4002202614FF4401242610176D1
:1047500041768176C176017701214177FCF74BFFE5
:10476000002805D0BDE810405C2104A003F087B903
:1047700010BD000000680040780500202E2E2F4359
:104780006F72652F5372632F63616E2E630000009A
:1047900008B51148016841F480010160006800F427
:1047A00080000090002211463A20FDF7FDFC3A20DF
:1047B000FDF7EFFC002211463920FDF7F5FC39200A
:1047C000FDF7E7FC002211464520FDF7EDFCBDE8B2
:1047D00008404520FDF7DDBC3038024010B50449E3
:1047E0000448FCF751FB0249491E087010BD000047
:1047F00009000020789000082DE9F04186B00024DF
:104800003248016841F040010160016801F0400157
:104810000091016841F001010160016801F00101AE
:104820000091016841F002010160016801F002019C
:104830000091016841F080010160016801F0800190
:104840000091016841F020010160016801F0200140
:104850000091016841F010010160016801F0100150
:104860000091016841F004010160006800F004005B
:104870000090174F44F24005012229463846FDF7C3
:1048800000FC0122DFF84C80D60231464046FDF79D
:10489000F8FB0195012502950394049401A938467B
:1048A000FDF7F8FA019602950394049401A9404695
:1048B000FDF7F0FA3020019002950395049401A9C8
:1048C0004046FDF7E7FA06B0BDE8F0813038024017
:1048D0000014024000100240064805490160002112
:1048E00041608160C1600161416181617047000088
:1048F000002C0140E805002010B511480F49016067
:104900004FF48271416000218160C16001614161A9
:104910004FF4007282612822C261016241628162A9
:104920000A21C162FFF78AF8002805D0BDE81040CF
:104930001E2104A003F0A3B810BD00000030014008
:10494000100200202E2E2F436F72652F5372632F9B
:104950007370692E6300000010B511480F490160A3
:104960004FF48271416000218160C1600161416149
:104970004FF4007282613022C26101624162816241
:104980000A21C162FFF75AF8002805D0BDE810409F
:10499000332104A003F073B810BD000000500140A3
:1049A000680200202E2E2F436F72652F5372632FE3
:1049B0007370692E6300000010B58AB02948284939
:1049C0000160A72141600024846042F20F71C16040
:1049D0000461FFF7AEFB18B1732123A003F04FF879
:1049E0000894099408A91F48FFF7B5FA18B17A216D
:1049F0001DA003F044F86020019041F2883002903D
:104A000003940594002201A91648FFF725FB18B16D
:104A1000832115A003F033F8042201A91148FFF700
:104A20001BFB18B1882110A003F029F8082201A966
:104A30000C48FFF711FB18B18D210BA003F01FF8F4
:104A40000C2201A90748FFF707FB18B1922106A025
:104A500003F015F80348FFF7A7FA0AB010BD0000ED
:104A6000000800409C0400202E2E2F436F72652FFB
:104A70005372632F74696D2E6300000010B58AB005
:104A8000294828490160A72141600024846042F23E
:104A90000F71C1600461FFF74CFB18B1A52123A081
:104AA00002F0EDFF0894099408A91F48FFF753FA94
:104AB00018B1AC211DA002F0E2FF6020019041F28C
:104AC0008830029003940594002201A91648FFF74C
:104AD000C3FA18B1B52115A002F0D1FF042201A933
:104AE0001148FFF7B9FA18B1BA2110A002F0C7FFB8
:104AF000082201A90C48FFF7AFFA18B1BF210BA09B
:104B000002F0BDFF0C2201A90748FFF7A5FA18B172
:104B1000C42106A002F0B3FF0348FFF745FA0AB02C
:104B200010BD0000000C0040D80400202E2E2F43A2
:104B30006F72652F5372632F74696D2E63000000CE
:104B400010B590B035483449016040F24F114160D2
:104B50000024846042F20F71C16004614461FFF778
:104B6000E8FA18B1D9212EA002F089FF0E940F9413
:104B70000EA92A48FFF7EFF918B1E02128A002F0AA
:104B80007EFF6020079041F28830089009940A94D3
:104B90000B940C940D94002207A92048FFF75CFAAF
:104BA00018B1EC211EA002F06AFF042207A91B48DD
:104BB000FFF752FA18B1F12119A002F060FF0822A4
:104BC00007A91648FFF748FA18B1F62114A002F019
:104BD00056FF0C2207A91148FFF73EFA18B1FB2136
:104BE0000FA002F04CFF00940194029403940494EB
:104BF0004FF400500590069469460848FFF77EF987
:104C000020B140F2071106A002F039FF0348FFF778
:104C1000CBF910B010BD00000004014014050020C5
:104C20002E2E2F436F72652F5372632F74696D2E72
:104C30006300000010B50E480C4901600D49416049
:104C400000218160C1604FF4806202610C224261E8
:104C50008161C161FFF76EFB002805D0BDE81040FF
:104C6000472105A002F00BBF10BD0000001001405D
:104C7000C0020020A08601002E2E2F436F72652FE8
:104C80005372632F75736172742E630010B50D48F3
:104C90000B4901604FF4E131416000218160C16046
:104CA00001610C2242618161C161FFF743FB002871
:104CB00005D0BDE810405A2103A002F0E0BE10BDAF
:104CC00000140140000300202E2E2F436F72652F29
:104CD0005372632F75736172742E630010B50022D6
:104CE0000849094801F01DFE0849074802F059F833
:104CF0000749054801F0DAFBBDE81040024802F020
:104D000005B90000280000206C060020D00100201A
:104D100010000020FEE770470907090E002806DA98
:104D200000F00F0000F1E02080F8141D704700F142
:104D3000E02080F8001470470148FDF797BB0000A1
:104D4000902000202DE9F84F80460E46D8F80070DC
:104D5000C6EBC60008EB80043834D4E90501451AD7
:104D6000A068A84200D20546E81C4FEA900A07EB6B
:104D7000461916E0151AA268AA4200D21546E81C88
:104D80004FEA900A98F810000090ABB2F2B23846A1
:104D9000E16802F05FFEE0682844E060A069284412
:104DA000A061D9F8180980B2504505D9D4E9052089
:104DB000904201D2002ADDD135B90120B040D7F8A8
:104DC00034188143C7F834180020BDE8F88F7047C5
:104DD0000A6842624A688262D1E902231A43D1E931
:104DE00004310B431A43C16A21F0F7011143C16238
:104DF000002070470069C0B27047006800F00300EF
:104E0000704708B50844143000900098006808BD49
:104E10000148FEF7D1BA0000E80500200FB4DDE933
:104E200001121143DDE903231A431143059A11438B
:104E3000069A1143426847F6FF639A430A43426069
:104E4000002004B070470321016000207047D0F8B3
:104E5000800070470A688260D1E901231A43D1E9D2
:104E600003310B431A43C1686FF30B011143C16057
:104E7000002070470968C0F880100020704710B506
:104E800086B004460191372102914021039100210F
:104E900004914FF48061059101A92046FFF7DAFFE4
:104EA00041F288323721204600F0A0F906B010BD4B
:104EB00010B586B004460A4A114301912921029196
:104EC0004021039100210491510D059101A9204633
:104ED000FFF7C0FF204600F043FA06B010BD000007
:104EE0000000108010B586B0044601911021029197
:104EF00040210391002104914FF48061059101A9A3
:104F00002046FFF7A7FF41F288321021204600F02B
:104F10006DF906B010BD10B586B0044601910621AA
:104F2000029140210391002104914FF48061059189
:104F300001A92046FFF78EFF41F288320621204664
:104F400000F054F906B010BD10B586B0044600213B
:104F500001910291039104914FF48061059101A99F
:104F60002046FFF777FF204600F026F906B010BD77
:104F700010B586B004464FF4D57101910821029115
:104F800040210391002104914FF48061059101A912
:104F90002046FFF75FFF204600F04AFA06B010BD3A
:104FA00010B586B00446019112210291402103916F
:104FB000002104914FF48061059101A92046FFF77B
:104FC00049FF41F288321221204600F00FF906B065
:104FD00010BD10B586B00446019111210291402107
:104FE0000391002104914FF48061059101A92046AD
:104FF000FFF730FF41F288321121204600F0F6F829
:1050000006B010BD10B586B004460192072102918A
:1050100040210391002104914FF48060059001A983
:105020002046FFF717FF41F288320721204600F0A3
:10503000DDF806B010BD10B586B004460021019120
:1050400002220292C022039204914FF480610591E2
:1050500001A92046FFF7FEFE204600F059F906B0F0
:1050600010BD10B586B00446019109210291C021FE
:105070000391002104914FF48061059101A920461C
:10508000FFF7E8FE204600F043F906B010BD10B56A
:1050900086B00446002101913322029240220392FD
:1050A00004911101059101A92046FFF7D3FE41F2B9
:1050B00088323321204600F099F806B010BD10B5B3
:1050C00086B0044601910D210291402103910021F7
:1050D00004914FF48061059101A92046FFF7BAFEC3
:1050E00041F288320D21204600F080F806B010BD54
:1050F00070B586B006460D46002301930324029442
:105100004024039404932301059301A93046FFF73B
:10511000A1FE2A460321304600F044F906B070BDD6
:1051200010B586B00446002101910C220292402263
:10513000039204911101059101A92046FFF78AFE0F
:10514000034A0C21204600F051F806B010BD0000C3
:1051500000E1F50510B586B00446019119210291D0
:1051600040210391002104914FF48061059101A930
:105170002046FFF76FFE41F288321921204600F0E9
:1051800035F806B010BD10B586B00446019118215F
:10519000029140210391002104914FF48061059117
:1051A00001A92046FFF756FE41F288321821204619
:1051B00000F01CF806B010BD0B494FF4FA52096814
:1051C000B1FBF2F141F288325143491E4A1C07D02B
:1051D000426B1206F9D540F2FF51816300207047FF
:1051E0004FF00040704700000000002010B503465B
:1051F00045484FF4FA540068B0FBF4F05043401EA9
:10520000421C09D05A6B12F0450FF8D0586B40077A
:1052100005D50420986310BD4FF0004010BD586BB9
:10522000C00702D00120986310BD1846FFF7E2FDC9
:10523000884201D0012010BD40F2FF509863002148
:105240001846FFF7DEFD3149084201D1002010BDAC
:10525000002802DA4FF0007010BD410001D5402057
:1052600010BD810001D5802010BDC10002D54FF4D2
:10527000807010BD010102D54FF4007010BD4101D6
:1052800002D54FF4806010BDC10102D54FF400601B
:1052900010BD010202D54FF4805010BD410202D56D
:1052A0004FF4005010BD810202D54FF4804010BD74
:1052B000C10202D54FF4004010BD410302D54FF4A6
:1052C000003010BD810302D54FF4802010BDC10312
:1052D00002D54FF4002010BD010402D54FF4801018
:1052E00010BD410402D54FF4001010BD810402D559
:1052F0004FF4800010BD000702D54FF4000010BD30
:105300004FF4803010BD00000000002008E0FFFDD9
:1053100012494FF4FA520968B1FBF2F141F28832B6
:105320005143491E4A1C0AD0426B12F0450FF8D077
:10533000416B490706D504218163042070474FF073
:1053400000407047416BC90703D0012181630120F0
:10535000704740F2FF518163002070470000002039
:105360000F494FF4FA520968B1FBF2F141F2883269
:105370005143491E4A1C0AD0426B12F0450FF8D027
:10538000416B490706D504218163042070474FF023
:105390000040704740F2FF518163002070470000D9
:1053A0000000002010B5034620484FF4FA5400686E
:1053B000B0FBF4F041F288346043401E441C09D035
:1053C0005C6B14F0450FF8D0586B400705D50420EE
:1053D000986310BD4FF0004010BD586BC00702D05D
:1053E0000120986310BD1846FFF704FD884201D0E4
:1053F000012010BD40F2FF50986300211846FFF7CE
:1054000000FD10F4604F04D0410406D54FF4005065
:1054100010BD000C1080002010BD000402D54FF418
:10542000805010BD4FF4803010BD000000000020FF
:1054300010494FF4FA520968B1FBF2F141F2883297
:105440005143491E4A1C0BD0426B12F0450FF8D055
:10545000416B4A074FF0400105D581630420704736
:105460004FF000407047426B520600D58163002028
:10547000704700000000002010B5064C012020708D
:10548000FBF7DCFA18B9207820F0010020702078B2
:1054900010BD00000D00002070B5846B0025E06B8E
:1054A000002800D0E563206C002815D12046FDF7C8
:1054B00073FFA563012184F83410062801D0052864
:1054C0000AD12068FFF72CFEA16B0843A063A06BF4
:1054D00018B12046FDF70CFE70BD2046FDF75AFEC0
:1054E00070BD70B5846B0025206C002800D0256449
:1054F000E06B002815D12046FDF74EFFA563012182
:1055000084F83410062801D005280AD12068FFF756
:1055100007FEA16B0843A063A06B18B12046FDF7FE
:10552000E7FD70BD2046FDF735FE70BD2DE9F04F5B
:1055300089B004460E46FCF7ABFD07460025AA4697
:10554000CDF804A0CDF808A008212068FFF7CAFC18
:1055500000283ED1B4F8500001042068FFF78FFC0A
:10556000002836D1401E03904FF00808CDF8108077
:10557000302005904FF00209CDF81890CDF81CA00E
:105580000120089003A92068FFF722FC2068FFF79C
:105590007EFD00281DD10DF1040A40F22A4B0CE0DB
:1055A000416B890204D5FFF752FC4AF825006D1CB7
:1055B000FCF76EFDC01B401C0ED02068416B11EA49
:1055C0000B0FEDD02168496B090708D5C0F838806A
:1055D000082009B0BDE8F08F4FF00040F9E7416BBB
:1055E000890703D5C0F838900220F2E7416B89069D
:1055F00003D5202181632020EBE740F2FF51816336
:1056000001980199000601F47F4140EA01200199C7
:1056100001F47F0140EA1120019940EA11607060B5
:1056200002980299000601F47F4140EA01200299A4
:1056300001F47F0140EA1120029940EA11603060D4
:105640000020C6E710B590B0044601200490206801
:10565000FFF7D3FB002863D0606C032819D02068C3
:10566000FFF7E9FC002859D100212068FFF7C9FBAA
:10567000606704212068FFF7C4FBA0670821206849
:10568000FFF7BFFBE0670C212068FFF7BAFBC4F807
:105690008000606C032805D004A92068FFF728FD6E
:1056A00000283BD1606C03281CD0BDF81000206599
:1056B00001042068FFF7D5FC00282FD100212068C5
:1056C000FFF79FFB606604212068FFF79AFBA06646
:1056D00008212068FFF795FBE0660C212068FFF7A2
:1056E00090FB206704212068FFF78BFB000DE0642E
:1056F00005A92046FDF74FFDB4F850000023020431
:105700002068FFF77FFC002808D1D4E90512206942
:105710008DE807000FCCFFF781FB002010B010BD13
:105720004FF08060FAE72DE9F84F04460027009714
:10573000BA4600252068FFF707FC002811D1206831
:10574000FFF716FC4FF080784FF6FF7610B3A76492
:105750004FF080591AE00098411C0091B04202D1EC
:105760004046BDE8F88F00212068FFF788FB08B1AC
:105770004846F6E700212068FFF79AFB08B1484643
:10578000EFE700212068FFF73CFBC50F002DE2D0BA
:10579000676428E04FF00109C4F848901AE00098C7
:1057A000411C0091B04201D14046DAE70021206857
:1057B000FFF765FB0028D4D14FF080412068FFF748
:1057C00077FB0028CDD100212068FFF71AFB824625
:1057D0004FEADA75002DE2D05FEA4A0002D5C4F83C
:1057E000449000E067640020BBE770B505460024E4
:1057F000AE6A2868FFF72BFB46F82400641C082CCF
:10580000F7D3A86A2030A862002070BD70B50446A6
:105810000D46002D0ED0B4F8500001042068FFF7AB
:105820004EFC002805D100212068FFF7EAFA286025
:10583000002070BD4FF0006070BD1CB50446002014
:105840000090019000212068FFF7DBFA800102D56B
:105850004FF400601CBD69462046FFF767FE002834
:10586000F8D10198C0030ED5B4F8500001042068A7
:10587000FFF705FB0028EDD100212068FFF74BFB67
:105880000028E7D11CBD4FF080601CBD1CB504464C
:1058900000200090019000212068FFF7B2FA8001FB
:1058A00002D54FF400601CBD69462046FFF73EFE5E
:1058B0000028F8D1019840030ED5B4F85000010437
:1058C0002068FFF7DCFA0028EDD102212068FFF7FD
:1058D00022FB0028E7D11CBD4FF080601CBD70B5D5
:1058E000054600242E6A286806EB8401FFF7C2FAF9
:1058F000641C082CF7D3286A20302862002070BD71
:1059000070B50546054C01202070FBF7A3F818B9C7
:105910002846FFF7B1FD2070207870BD0D000020F3
:1059200010B588B0144614480078C00702D0032090
:1059300008B010BD39B1012907D002290CD00329C4
:1059400011D00420F4E70020F2E76846FBF770F876
:10595000069820600020EBE76846FBF769F8079897
:1059600020800020E4E76846FBF762F80798400AC9
:1059700020600020DCE700000D000020084610B584
:1059800011461A460124A31EFBF782F820B9FBF743
:1059900055F80028FBD10024204610BDFFF76CBD50
:1059A000084610B511461A460124A31EFBF780F8DD
:1059B00020B9FBF743F80028FBD10024204610BD96
:1059C00038B504460B46009200228021204600F0A4
:1059D00009F828B1606D40F020006065032038BDF3
:1059E000002038BD2DE9F04104460E4617461D46FD
:1059F000DDF8188034E0681C32D02DB1FCF748FB8C
:105A0000A0EB0800A8422BD32068416821F0E001F8
:105A100041606068B0F5827F0BD1A068B0F5004F9F
:105A200002D0B0F5806F04D12068016821F04001F8
:105A30000160A06AB0F5005F0AD1206801684DF6E8
:105A4000FF72114001602068016841F4005101605B
:105A5000012050346070002020700320BDE8F081E8
:105A60002068806836EA000004D00020B842C2D125
:105A70000020F3E70120F9E7704710B5FCF70EFBB3
:105A8000BDE81040FEF736BA30B593B00025274880
:105A9000016841F080510160006800F08050019081
:105AA0002348016841F440410160006800F440402F
:105AB0000190012007900004089002240D948001B9
:105AC0000E9006200F90A8201090119404201290A0
:105AD00007A8FDF745F918B1692116A001F0CFFF1D
:105AE0000F200290039404954FF4A05005904FF4BA
:105AF00080500690052102A8FDF734F818B17521F1
:105B00000CA001F0BCFFFDF7CFF84FF47A71B0FBA9
:105B1000F1F0FEF7DBF90420FEF7C9F90022114687
:105B2000501EFCF741FB13B030BD0000403802406E
:105B3000007000402E2E2F436F72652F5372632F1B
:105B40006D61696E2E6300001048016841F47001B8
:105B500001600F48016841F0010101600C4A002119
:105B60000832116002680B4B1A400260031D0A4A9A
:105B70001A60026822F48022026005480C3001603D
:105B800002495806803908607047000088ED00E03F
:105B900000380240FFFFF6FE103000242DE9F041EE
:105BA0000268244D244E254FDFF894C0254B4FF05A
:105BB0008048A84209D0404507D0B04205D0B8423D
:105BC00003D0604501D0984203D122F070044A68A6
:105BD0002243A8421BD0404519D0B04217D0B8424A
:105BE00015D0604513D0984211D0174CA0420ED06A
:105BF000164CA0420BD0164CA04208D0154CA04227
:105C000005D0154CA04202D0144CA04203D122F47E
:105C10004074CA68224302608A68C2620A6882626B
:105C2000A84201D0984201D1096901630121416173
:105C3000BDE8F08100000140000400400008004081
:105C4000000C0040000401400040014000440140BD
:105C50000048014000180040001C004000200040A7
:105C600030B5026A22F001020262026A4368846966
:105C700024F0700424F003050C682C4322F0020584
:105C80008A682A430C4DA84202D00C4DA8420DD17F
:105C900022F00802CD68154325F0040223F4807336
:105CA00023F400734D691D438B692B43436084616A
:105CB00049684163026230BD0000014000040140B8
:105CC00030B5026A22F010020262036A42688469F7
:105CD00024F4E04424F440740D6844EA052423F0DD
:105CE00020038D6843EA05130E4DA84202D00E4DE5
:105CF000A84210D123F08003CD6843EA051323F0B6
:105D0000400322F4806222F400624D6942EA850277
:105D10008D6942EA85024260846149688163036259
:105D200030BD0000000001400004014030B5026AAF
:105D300022F480720262026A4368C46924F070042B
:105D400024F003050C682C4322F400728D6842EAAB
:105D500005220E4DA84202D00D4DA84210D122F4CA
:105D60000062CD6842EA052222F4806223F4805367
:105D700023F400534D6943EA05138D6943EA051383
:105D80004360C4614968C163026230BD00000140E4
:105D90000004014030B5026A22F480520262046AB3
:105DA0004268C36923F4E04323F440730D6843EA77
:105DB000052324F400548D6844EA0534084DA842B4
:105DC00002D0084DA84204D122F480424D6942EA33
:105DD00085124260C36149680164046230BD0000FD
:105DE000000001400004014010B5806B0021C18516
:105DF000C184FEF70CFA10BD70B5846B2068406951
:105E0000C0F3C01094F839100025212904D118B12D
:105E1000E584204600F04CF820684069C0F380100B
:105E200094F83A10222904D118B1E585204600F0F3
:105E300024F8E06B40F01000E0632046FEF7E7F93D
:105E400070BD10B50146886B09680968C9050CD496
:105E50000021C18401684A6922F080024A61006819
:105E6000C16841F04001C16010BDFEF7F3FB10BDF9
:105E700010B5806BFEF7EFFB10BD0168CA6822F415
:105E80009072CA6001684A6922F001024A612021C9
:105E900080F83A10704710B50168CA6822F04002D5
:105EA000CA60202180F83910FEF7D4FB002010BD15
:105EB0000168CA6822F0C002CA60202180F8391047
:105EC000704710B590F83A10222901D0022010BD79
:105ED0008168B1F5805F11D0016919B30168496823
:105EE00001F07F03816A4A1C82620B70C18D491EDA
:105EF0000904090CC1851CD0002010BD816A02690B
:105F00003AB102685268D2B20A80816A491C816241
:105F1000ECE702685268C2F308020A80816A891CB1
:105F20008162E3E701684A68816A4B1C83620A70F8
:105F3000DCE70168CA6822F49072CA6001684A69A5
:105F400022F001024A61202180F83A10FEF73BFB63
:105F5000002010BD2DE9F04104462068016921F4BC
:105F60004052E168114301612068C26849F20C6146
:105F70008A432369A168E569194363692B4319437F
:105F80001143C1602068416921F44071A2690A434C
:105F90004261E069B24AB34964253226B0F5004F48
:105FA00059D02068884201D090427DD1FCF792FE02
:105FB00000EBC00101EB001061688900B0FBF1F754
:105FC000FCF788FE00EBC00101EB0010616889005E
:105FD000B0FBF1F0B0FBF5F06FF01801484307EBB0
:105FE000800006EB0010B0FBF5F000F0F007FCF7C6
:105FF00071FE00EBC00101EB001061688900B0FB8D
:10600000F1F0B0FBF5F007EB0017FCF763FE00EBD7
:10601000C00101EB001061688900B0FBF1F8FCF7EA
:1060200059FE00EBC00101EB001061688900B0FB74
:10603000F1F0B0FBF5F06FF01801484308EB800079
:1060400006EB0010B0FBF5F0216800F00F003844BB
:106050008860BDE8F0812068884201D0904256D126
:10606000FCF738FE00EBC00101EB0010616849004D
:10607000B0FBF1F0B0FBF5F00701FCF72BFE00EBF5
:10608000C00101EB001061684900B0FBF1F8FCF7BA
:1060900021FE00EBC00101EB001061684900B0FB7C
:1060A000F1F0B0FBF5F000E086E06FF01801484336
:1060B00008EB800006EBC000B0FBF5F000F0F80044
:1060C00007EB4007FCF706FE00EBC00101EB0010F8
:1060D00061684900B0FBF1F8FCF7FCFD00EBC00182
:1060E00001EB001061684900B0FBF1F0B0FBF5F086
:1060F0006FF01801484308EB800006EBC000B0FBCE
:10610000F5F0216800F0070038448860A1E7FCF74B
:10611000D1FD00EBC00101EB001061684900B0FB4C
:10612000F1F0B0FBF5F00701FCF7C4FD00EBC00196
:1061300001EB001061684900B0FBF1F8FCF7BAFD13
:1061400000EBC00101EB001061684900B0FBF1F009
:10615000B0FBF5F06FF01801484308EB800006EB48
:10616000C000B0FBF5F000F0F80007EB4007FCF7CB
:10617000A1FD00EBC00101EB001061684900B0FB1C
:10618000F1F8FCF797FD00EBC00101EB001061682E
:106190004900B0FBF1F0B0FBF5F06FF01801484397
:1061A00008EB800006EBC000B0FBF5F0216800F0C2
:1061B0000700384488604CE7FCF77CFD00EBC00129
:1061C00001EB001061688900B0FBF1F7FCF772FD8C
:1061D00000EBC00101EB001061688900B0FBF1F039
:1061E000B0FBF5F06FF01801484307EB800006EBB9
:1061F0000010B0FBF5F000F0F007FCF75BFD00EBE2
:10620000C00101EB001061688900B0FBF1F0B0FB48
:10621000F5F007EB0017FCF74DFD00EBC00101EBBB
:10622000001061688900B0FBF1F8FCF743FD00EB5A
:10623000C00101EB001061688900B0FBF1F0B0FB18
:10624000F5F06FF01801484308EB800006EB0010F2
:10625000B0FBF5F0216800F00F0038448860F8E6E4
:10626000001401400010014090F83910212901D09C
:10627000022070478168B1F5805F0CD0016A4A1C2A
:106280000262026809785160C18C491E0904090C38
:10629000C18410D019E0016A02680988C1F30801BD
:1062A0005160016919B1016A491C0162ECE7016A98
:1062B000891C0162E8E70168CA6822F08002CA60AE
:1062C0000068C16841F04001C160002070470000D3
:1062D00010B5044802F08FFEBDE810400148FDF7FC
:1062E000A1BF0000C002002010B50448FDF790FFD8
:1062F000BDE810400148FDF795BF000000030020F5
:10630000D0F81802002804D00021C0F81412002090
:1063100070470220704770B50546D5F818422846E8
:1063200000F0E1FBC4F80C02D5F8180248B1D5F82A
:106330001C12D4F80402CA6804F5037190470020C7
:1063400070BD022070BD70B5044600258121204635
:1063500000F013FB0121204600F00FFB82212046B4
:1063600000F00BFBD4F8180248B104F5067460681D
:1063700040688047206802F051F8002020602846DD
:1063800070BD10B5D0F81842D0F81C1200290BD0FF
:1063900094F80002FF2807D08B6894F80122214668
:1063A0009847FF2084F80002002010BD0A210180D8
:1063B00000487047F80000204321018000487047E2
:1063C000480100204321018000487047040100205B
:1063D00043210180004870478C0100202DE9F041E5
:1063E00005460026287C4FF4007700282ED0402355
:1063F00002228121284600F0CFFB40230222012106
:10640000284600F0C9FB082303228221284600F019
:10641000C3FB4FF4077002F03FFAC5F8180210B33F
:106420000446D5F81C02006880470020C4F8140216
:10643000C4F81802287CC0B1402301212846D4F8B2
:10644000042200F0C2FB3046BDE8F0813B46022248
:106450008121284600F0A0FB3B460222012128466C
:1064600000F09AFBCFE70126EDE73B4601212846E5
:10647000D4F8042200F0A9FBE5E710B5D0F8181213
:10648000002911D0027C3AB1D1F804224023012125
:1064900000F09BFB002010BDD1F804224FF40073E4
:1064A000012100F092FBF5E7022010BD0246022018
:1064B000002902D0C2F81C1200207047D0F8180240
:1064C000C0F8041200207047D0F81802C0F8081273
:1064D000C0F810220020704770B505460C46D5F86C
:1064E0001862207810F0600125D020292BD1E28895
:1064F000CAB100060BD5D5F81C1260788B683146FE
:106500009847E2883146284600F07DF81BE0607825
:1065100086F80002A07986F80102E2883146284612
:1065200000F057F80FE0D5F81C12607800228B6855
:106530002146984707E060780A2804D101220349E0
:10654000284600F060F8002070BD0000F400002034
:1065500010B5D0F8142252689047002010BD10B535
:10656000044694F8FC01022806D0032804D02046F3
:10657000BDE8104000F021B8488801280CD1002067
:10658000C4F80402D4F814028268204690472046DA
:10659000BDE8104000F044B810BD10B513460A46DF
:1065A000002100F012FB002010BD10B513460A4672
:1065B000002100F0CCFB002010BD10B50446802166
:1065C000204600F090FB2046BDE81040002100F07E
:1065D0008ABB10B50323C0F8F431C0F80821C0F815
:1065E0000C2113460A46002100F0EFFA002010BDEE
:1065F00010B50521C0F8F41100231A46194600F021
:10660000E4FA002010BD10B50223C0F8F431826115
:10661000C26113460A46002100F099FB002010BD1C
:1066200010B50421C0F8F41100231A46194600F0F1
:106630008EFB002010BD000010B5002806D00A46D1
:10664000054906A000F04FF9034810BD0A4602496B
:1066500002A000F048F9F7E78024002043444320DB
:10666000436F6E666967000012200880004870471B
:106670004800002010B5002806D00A46054906A0AB
:1066800000F031F9034810BD0A46024902A000F0AB
:106690002AF9F7E78024002043444320496E7465BB
:1066A000726661636500000004200880004870473E
:1066B0004400002010B50A46024903A000F013F977
:1066C000004810BD8024002053544D6963726F65EB
:1066D0006C656374726F6E696373000010B5002897
:1066E00006D00A46054906A000F0FDF8034810BD93
:1066F0000A46024902A000F0F6F8F7E780240020DD
:1067000053544D3332205669727475616C20436F57
:106710006D506F727400000010B5002806D00A4654
:10672000054906A000F0DFF8034810BD0A460249FB
:1067300002A000F0D8F8F7E7802400203030303095
:10674000303030303030314100000000CA88012A3A
:1067500001D0FFF732BF90F8FC21022A03D0032AB0
:1067600008D0FFF72ABF00218160012200F1080153
:10677000FFF749BF0122011DFFF745BFF8B50446E9
:106780000D466888010A082972D2DFE801F0890401
:106790000C1F89895C6AD4F81012207C0A6869464B
:1067A000904701466DE0207C022638B1D4F81402EF
:1067B000C16A6846884701464E7062E0D4F8140208
:1067C000816A6846884701464E705AE0C0B2062882
:1067D00034D2DFE800F0030B131B232BD4F8101284
:1067E000207C4A686946904701464AE0D4F8101276
:1067F000207C8A6869469047014642E0D4F810122E
:10680000207CCA686946904701463AE0D4F81012E5
:10681000207C0A6969469047014632E0D4F810129C
:10682000207C4A696946904701462AE0D4F8101254
:10683000207C8A6969469047014622E02946204625
:10684000FFF7BBFEF8BD207C20B129462046FFF7AC
:10685000B4FEF8BDD4F81402416B6846884701467F
:106860000FE0207C28B129462046FFF7A6FEF8BDA0
:1068700016E0D4F81402016B6846884701460720E9
:106880004870BDF800000028F1D0EA88002AEED058
:10689000824200D9024600922046FFF7B4FEE6E7A6
:1068A00029462046FFF789FEE1E7002102E0491C66
:1068B000C9B2401C0278002AF9D10846704790F806
:1068C000FC21022A03D0032A01D0FFF776BE012162
:1068D000C160D0F8041209B10321C160022200F1A5
:1068E0000C01FFF790BE70B504460D461646002C0D
:1068F00016D02046FFF7D9FF022101EB400030807F
:106900002870032102206970002306E0411CC9B2EF
:106910002A54641C481CC0B26B542278002AF5D15A
:1069200070BD10B5002810D0D0F8143213B1002378
:10693000C0F8143209B1C0F81012012180F8FC111E
:10694000027000F0D5F8002010BD022010BD10B577
:106950000024D0F82002FBF7BBFC30B1012806D0A0
:10696000022806D0032806D00224204610BD0224A7
:10697000FBE70124F9E70224F7E710B50024D0F87B
:106980002002FBF783FC30B1012806D0022806D094
:10699000032806D00224204610BD0224FBE7012470
:1069A000F9E70224F7E770B504461346002908D03A
:1069B000D4F814024269BAB394F8FC0103284BD00E
:1069C0004CE004F11400D4F8F4110025022939D167
:1069D000D0E902218A420DD9511A81608AB2194642
:1069E0002046FFF7E2FD00231A461946204600F034
:1069F000ECF827E04068B0FBF1F201FB1202A2B90B
:106A0000884212D3D4F8F81188420ED200221146DF
:106A10002046FFF7CAFDC4F8F85100231A4619466C
:106A2000204600F0D2F80DE015E0D4F81402C16859
:106A300029B194F8FC01032801D12046884720465B
:106A4000FFF7D6FD94F80002012807D1204600F098
:106A5000B1F984F8005201E020469047002070BD53
:106A600070B504461546002908D0D4F8140282698E
:106A70003AB394F8FC01032824D025E004F5827091
:106A8000D4F8F41103291FD1D0E9021399420BD98C
:106A9000C91A8160C068814200D301468AB2294682
:106AA0002046FFF77AFD0FE0D4F81402016929B1FE
:106AB00094F8FC01032801D1204688472046FFF7BF
:106AC000AFFD01E020469047002070BD00207047D8
:106AD00010B5012180F8FC11D0F814220179526818
:106AE0009047002010BDD0F82002FBF719BC000031
:106AF00010B5017800292BD11649C1F8EC03C0F874
:106B000020124FF0A0400860042048600222CA60B2
:106B10000020086148618A61C86108624862C862F1
:106B200008630846FBF72EFF20B140F247110AA088
:106B300000F0A5FF80210748FBF768FB40220021F9
:106B40000448FBF767FB802201210248FBF762FB48
:106B5000002010BD902000202E2E2F436F72652F35
:106B60005372632F757362645F636F6E662E63008A
:106B70000A0601F07F01D0F82002C1EBC10100EB51
:106B8000810002D590F83A00704790F8FA017047FA
:106B9000002070470020704770B515461A46002443
:106BA000D0F820022B46FBF7C5FB30B1012806D0F8
:106BB000022806D0032806D00224204670BD0224F5
:106BC000FBE70124F9E70224F7E710B50024D0F829
:106BD0002002FBF7D9FB30B1012806D0022806D0ED
:106BE000032806D00224204610BD0224FBE701241E
:106BF000F9E70224F7E770B5044600224023114666
:106C00002046FFF7C9FF4025C4F810514023002259
:106C100080212046FFF7C0FF2562012084F8FC0197
:106C2000D4F8180228B1D4F8140221794268204619
:106C30009047002070BD90F8FD1180F8FC110020F5
:106C4000704710B590F8FC11032904D1D0F8141244
:106C5000C96901B18847002010BD01740020704748
:106C600010B50024D0F82002FBF735FF30B1012821
:106C700006D0022806D0032806D00224204610BDE4
:106C80000224FBE70124F9E70224F7E770B5044684
:106C900004F50270054600F070F80120C4F8F40114
:106CA000B4F80E02C4F8F80194F8082212F01F009C
:106CB0000AD001280DD0022810D002F08001204611
:106CC00000F011F8002070BD2946204600F023F99D
:106CD000F8E72946204600F0D3F9F3E72946204695
:106CE00000F03EF9EEE710B50024D0F82002FBF7E3
:106CF0006CFB30B1012806D0022806D0032806D04C
:106D00000224204610BD0224FBE70124F9E70224F7
:106D1000F7E710B50024D0F82002FBF7F5FE30B1FC
:106D2000012806D0022806D0032806D002242046D7
:106D300010BD0224FBE70124F9E70224F7E700F580
:106D4000FE7001784170042101700020704710B579
:106D50000024D0F82002FBF768FB30B1012806D0F0
:106D6000022806D0032806D00224204610BD0224A3
:106D7000FBE70124F9E70224F7E70A7802704A7872
:106D800042708A78CB7802EB032242800A794B79F1
:106D900002EB032282808A79C97902EB0121C1804A
:106DA000704702460020002902D0C2F81412704732
:106DB000022070470020704770B50446888800287C
:106DC00001D1C88820B12046BDE87040FFF7F5BB6F
:106DD000887800F07F0594F8FC0103280DD084F832
:106DE000FE5129462046FFF73BFF2046FFF718FCDF
:106DF00045B1022084F8FC0170BD2046BDE870401A
:106E0000FFF7DBBB012084F8FC0170BD10B5022444
:106E1000D0F81422002A03D01268904700B9002449
:106E2000204610BD70B504460D462E4EA97831702F
:106E3000012905D929462046BDE87040FFF7BDBBB2
:106E400094F8FC01022807D003281FD029462046C9
:106E5000BDE87040FFF7B1BB99B16160032084F8D1
:106E6000FC012046FFF7D2FF022804D02046BDE8EF
:106E70007040FFF7D5BB29462046BDE87040FFF7BC
:106E80009CBB2046BDE87040FFF7CABB91B160686B
:106E9000884221D0C1B22046FFF75AFB31786160A9
:106EA0002046FFF7B3FF022810D02046BDE870400F
:106EB000FFF7B6BB022084F8FC0161602046FFF7B3
:106EC00047FB2046BDE87040FFF7AABB2946204695
:106ED000BDE87040FFF771BB2046BDE87040FFF78A
:106EE0009FBB0000F000002010B504464888012830
:106EF0000BD1C4F80402D4F81402826820469047EB
:106F00002046BDE81040FFF78BBB10BD10B5FFF762
:106F100000FF002010BD10B500244A780A2A1BD2B9
:106F2000DFE802F011171A141A08051A0E0BFFF702
:106F300025FC13E0FFF740FF10E0FFF773FF0DE0C3
:106F4000FFF704FC0AE0FFF7BAFC07E0FFF7CCFF0D
:106F500004E0FFF704FB01E0FFF72FFB204610BD24
:106F600070B504460D46002629792878C0F34110F3
:106F7000012806D0687880B301282FD003285AD181
:106F800007E0D4F814022946826820469047002082
:106F900070BD94F8FC01022806D003280BD02946C6
:106FA0002046FFF70AFB46E011B3802943D0204674
:106FB000FFF799FE3FE0688828B921B1802902D007
:106FC0002046FFF790FED4F8140229468268204636
:106FD00090472046FFF724FB2DE022E094F8FC01C7
:106FE000022806D003280BD029462046FFF7E5FAF1
:106FF00021E001B380291ED02046FFF774FE1AE07D
:107000006888C0B9480608D02046FFF7A0FCD4F82D
:10701000140229468268204690472046FFF700FB6D
:1070200009E094F8FC01022807D003280BD0294678
:107030002046FFF7C2FA304670BD4806FBD0204616
:10704000FFF751FEF7E7080605D501F07F0004EBD6
:107050000015143505E001F07F0004EB001505F57F
:1070600082752046FFF784FD10B10120286001E001
:1070700000202860022229462046FFF7C4FADAE7FA
:1070800070B504460D4694F8FC01032805D0294646
:107090002046FFF792FA002070BD287901280CD80D
:1070A000D4F814022946826820469047E8880028D0
:1070B000F1D12046FFF7B4FAEDE729462046FFF765
:1070C0007CFAE8E730B54B781E4C01220D78AA40D7
:1070D000012B1AD0D0F81C3843EA0242C0F81C2811
:1070E0000A7800EB4210D0F8002B12040BD4D0F831
:1070F000002B0B89C3F30A031A43C97844EA814180
:107100000A43C0F8002B002030BDD0F81C3892B2E2
:107110001343C0F81C380A7800EB4210D0F800394D
:107120001B04F0D4D0F800390D89C5F30A052B43B0
:10713000C978890441EA82510B432343C0F80039DE
:10714000E1E7000000800010D0F800196FF30A0199
:10715000C0F80019D0F80818C1F34101022905D17F
:10716000D0F8001941F00301C0F80019D0F8041854
:1071700041F48071C0F80418002070470FB410B5B6
:107180000446089801280DD0E06840F04000E06017
:10719000204600F02DF84FF48030A06306980128B7
:1071A00017D01EE0A06B20F48030A063E0680F4988
:1071B0000840E060E06820F44010E0600F9801288B
:1071C00003D1E06840F48010E060204600F010F841
:1071D000E4E7A06840F00600A060A06840F020004E
:1071E000A060002010BC5DF814FB0000BFFFBDFFD5
:1071F00000210C4A491C914201D9032070470369C0
:10720000002BF7DA0021036943F001030361491CF5
:10721000914201D9032070470369DB07F7D10020B1
:1072200070470000400D0300F0B504460D460020F5
:1072300095F801C00126F306DF002D4A297804EBFA
:107240004111BCF1010F14D0D1F800CB2CF4004C4B
:10725000C1F800CB297804EB4111C1F8003B297833
:1072600004EB4111C1F8007B401C90422AD9032055
:10727000F0BDD1F800C92CF4004CC1F800C9297840
:1072800004EB4111C1F80039297804EB4111C1F830
:107290000079401C904201D90320F0BD297804EB0D
:1072A0004111D1F808194900F3D41021204600F00B
:1072B00037FBD4F81C0829788E40B1B28843C4F853
:1072C0001C0812E0297804EB4111D1F8081BC9060B
:1072D000CAD404F60404206840F480602060A069E9
:1072E00029788E4020EA0640A0610020F0BD000011
:1072F000400D030010B5D0F8041821F00201C0F8C9
:1073000004180320FAF706FD002010BD10B5D0F8D0
:10731000041841F00201C0F804180320FAF7FAFC3F
:10732000002010BD0FB470B5044600250F9800284A
:1073300026D0A06B40F40020A0630026C4F8006EA5
:10734000D4F80008C4F800080A9801281DD00321C9
:10735000204600F078FB1021204600F0E1FA20469C
:1073600000F0CEFAC4F81068C4F814684FF0FF308B
:10737000C4F81808C4F81C684FF09042FF2320E0BE
:10738000A06B40F40010A063D7E7079820B101215B
:10739000204600F058FBDEE70021204600F053FBBA
:1073A000D9E704EB4510D0F80019002902DAC0F83B
:1073B000002901E0C0F80069C0F81069C0F8083978
:1073C0006D1C0598A842ECD800210FE004EB411099
:1073D000D0F8005B002D02DAC0F8002B01E0C0F805
:1073E000006BC0F8106BC0F8083B491C0598884238
:1073F000ECD8D4F8100820F48070C4F8100808986D
:1074000001280AD11448C4F83008D4F830081349C8
:107410000843C4F83008D4F83008A6616FF0804003
:107420006061089818B9A06940F01000A061A069D7
:107430000B490843A0610B9818B1A06940F00800FF
:10744000A0610F98012803D1A06906490843A061F3
:10745000002070BC5DF814FB0001800003000100F7
:1074600000383C8004000040816821F00101816007
:107470000020704730B54D784F4C0B7800EB43132C
:10748000012D28D0D3F8105B6FF31205C3F8105B01
:107490000B7800EB4313D3F8105B2540C3F8105B67
:1074A0004B690BB18B684B610B7800EB4313D3F83E
:1074B000104B44F40024C3F8104B0B7800EB43133B
:1074C000D3F8104B8D68C5F312052C43C3F8104B4D
:1074D000012A5FD064E04D69E5B3D3F810596FF32A
:1074E0001205C3F810590B7800EB4313D3F8105969
:1074F0002540C3F810594C698B689C4200D94B61F8
:107500000B7800EB4313D3F8104944F40024C3F87C
:1075100010490B7800EB4313D3F810494D69C5F3BC
:1075200012052C43C3F810490B7800EB4313D3F832
:10753000004944F00444C3F80049012A23D04A69B1
:107540003AB3D0F834280B78012199400A43C0F8A7
:1075500034282EE0FFE7D3F810592540C3F810591E
:107560000B7800EB4313D3F8104944F40024C3F81C
:1075700010490B7800EB4313D3F810496FF3120452
:10758000C3F81049D0E70A69097800EB4110C0F848
:1075900014290EE00B7800EB4313CA68C3F8142BD0
:1075A000097800EB4110D0F8001B41F00441C0F80D
:1075B000001B002030BD0000FFFF07E0002300F5A6
:1075C00031600360036843F400230360036843F001
:1075D00018030360036843F0C0430360A0F5316003
:1075E000012905D1C0F8142B4FF08021C0F8001BF1
:1075F000002070474B780A7800EB4212012B0BD029
:10760000D2F8003B23F40013C2F8003BCA78032AE7
:1076100017D0022A15D01DE0D2F8003923F4001348
:10762000C2F80039CA78032A01D0022A12D1097897
:1076300000EB4110D0F8001941F08051C0F800195A
:1076400008E0097800EB4110D0F8001B41F08051B0
:10765000C0F8001B002070474B780A7800EB4212FC
:10766000012B14D0D2F8003B002B05DBD2F8003BF5
:1076700023F08043C2F8003B097800EB4110D0F8BA
:10768000001B41F40011C0F8001B00207047D2F825
:107690000039002B05DBD2F8003923F08043C2F813
:1076A0000039097800EB4110D0F8001941F40011BD
:1076B000C0F80019E9E7000078B54E786FF0604532
:1076C0008B4C0B7800EB4313012E2FD0D3F8106BAB
:1076D0006FF31206C3F8106B0B7800EB4313D3F86B
:1076E000106B2640C3F8106B4B69002B7ED08C6862
:1076F00023445B1EB3FBF4F39BB20C7800EB441401
:10770000D4F8106B05EAC3452E43C4F8106B0C780F
:1077100000EB4414D4F8105B8E685E43C6F312038A
:107720001D43C4F8105B012A75D0BBE04E6966B3F7
:10773000D3F810696FF31206C3F810690B7800EBE9
:107740004313D3F810692640C3F810694C698B685D
:107750001C44641EB4FBF3F305EAC3440B7800EB4E
:107760004313D3F810592C43C3F810490B7800EB9E
:107770004313D3F810494D69C5F312052C43C3F8E0
:107780001049CB78012B18D029E0D3F810592540A7
:10779000C3F810590B7800EB4313D3F8104944F4A5
:1077A0000024C3F810490B7800EB4313D3F81049B9
:1077B0006FF31204C3F8104911E00B7800EB431388
:1077C000D3F8104924F0C044C3F810490B7800EBFB
:1077D0004313D3F8104944F00054C3F81049012A68
:1077E00012D0CB78012B0BD04B6900E03FE03BB1CE
:1077F000D0F834380D780124AC402343C0F8343835
:10780000CB78012B08D01EE00C7800EB44140B69F8
:10781000C4F81439F4E73FE0D0F80838DB0509D4A0
:107820000B7800EB4313D3F8004944F00054C3F83D
:10783000004908E00B7800EB4313D3F8004944F00B
:107840008054C3F800490B7800EB4313D3F8004988
:1078500044F00444C3F80049CB78012B45D1009291
:107860008A8A93B20A78C96800F0F4F83DE00B7890
:1078700000EB4313D3F8104B8D68C5F312052C436E
:10788000C3F8104B0B7800EB4313D3F8104B44F4C0
:107890000024C3F8104B46E70B7800EB4313CA688B
:1078A000C3F8142BCA78012A16D1D0F80828D205BB
:1078B00009D40A7800EB4212D2F8003B43F000539F
:1078C000C2F8003B08E00A7800EB4212D2F8003B15
:1078D00043F08053C2F8003B097800EB4110D0F828
:1078E000001B41F00441C0F8001B002078BD0000DF
:1078F000FFFF07E0816841F00101816000207047CF
:10790000002110220261054A491C914201D903203D
:1079100070470369DB06F7D400207047400D030071
:107920000022202343EA811101610549521C8A4249
:1079300001D90320704703699B06F7D400207047E4
:10794000400D03000021D0F8082812F0060F15D0D2
:10795000D0F80828C2F34102012A0CD0D0F8082838
:10796000C2F34102032A06D0D0F80808C0F3410050
:10797000022802D002E0032100E0022108467047FD
:10798000406900F001007047D0F81818D0F81C08C2
:10799000084080B27047D0F81818D0F81C0808408A
:1079A000000C7047D0F81028D0F83438CB4003F0E2
:1079B000010342EAC31200EB4110D0F8080910405D
:1079C000704700EB4111D1F8081BD0F814080840AB
:1079D0007047416980690840704710B50346084602
:1079E0000021D21C920803F5805303E01C6840F884
:1079F000044B491C9142F9D310BD10B5C26822F066
:107A0000C042C260012901D029B108E0C16841F03B
:107A10000051C16003E0C16841F08041C160322083
:107A2000FAF778F9002010BD00F50060026822F432
:107A3000FE62026002684FF4FE6303EA01110A432A
:107A4000026000207047D0F800280A43C0F80028E0
:107A50000020704730B5039D0024002D0CD1DB1CA5
:107A60009B0800EB023000F5805003E051F8042B36
:107A70000260641C9C42F9D3002030BDFEE7FEE7A3
:107A80000FB4084B10B504A902AA039800F0E8F857
:107A9000044602A9002000F066FC204610BC5DF8F8
:107AA00014FB0000678300082DED020B019820F005
:107AB000004001909DED000B02B0704702E008C845
:107AC000121F08C1002AFAD170477047002001E058
:107AD00001C1121F002AFBD1704700002DE9FF5F92
:107AE00082B00021DDE90430020DDDF840B003432F
:107AF00018D044F61050A2F2FF32424315141198E8
:107B000001281FD0A5EB0B00401C5FEA000A4FF0D4
:107B100000064E4FDFF83891B046504615D5CAF1F1
:107B2000000413E0119801244AA3012801D16FEA4F
:107B30000B010298119AC0E90031C0E9024206B077
:107B4000BDE8F09FCBF10000DFE704460021404A8A
:107B5000491842EB0450CDE9001012E0E00707D0CD
:107B600032463B4640464946F8F781FB8046894607
:107B700032463B4610461946F8F779FB06460F4653
:107B80006410002CEAD1DDE90401DDE90023BAF13B
:107B9000000F06DAF8F76BFB42464B46F8F767FB37
:107BA00005E0F8F738FD42464B46F8F734FD044649
:107BB0000E460022284BF8F7DDFB03D84FF0FF30CC
:107BC000014607E00022254B20463146F8F77CFCB1
:107BD000F8F790FD102409E0002C0ADB0A220023AC
:107BE000F8F702FB039B30321A55641E50EA01027B
:107BF000F2D1641C039AC4F111031444119A012AAE
:107C000003D0012208430DD10AE0084304D000202C
:107C10004FF0110B119072E7A3EB0B056D1E0DE0F9
:107C20005B4504DD4FF0000205F1010504E003DAD5
:107C30004FF00002A5F10105002AECD0029811993D
:107C4000C0E90231C0E9004579E7000000001440B6
:107C50000000F03F300000000000F0430000E03F73
:107C60002DE9FF4F95B09A46884606460025EEE17D
:107C7000252877D100242746F94A0121039400E002
:107C8000044316F8013F203B01FA03F01042F7D1FC
:107C900030782A2811D06FF02F033078A0F130020D
:107CA000092A16D8039A44F0020402EB820203EB7D
:107CB00042021044761C0390EFE758F8042B03921D
:107CC000002A03DA504244F40054039044F00204C2
:107CD000761C30782E2816D116F8010F44F00404D3
:107CE0002A280DD06FF02F023078A0F13003092B35
:107CF00009D807EB870302EB4303C718761CF3E7A9
:107D000058F8047B761C30786C280FD006DC4C28A1
:107D100017D068280DD06A2814D104E0742810D038
:107D20007A280FD10DE044F400140AE044F48014E2
:107D300001E044F440147278824202D104F58014C8
:107D4000761C761C307866280BD013DC582877D048
:107D500009DC002875D04528F6D04628F4D04728FD
:107D60001AD193E118E0632835D0642879D06528CA
:107D700012D18BE1702873D008DC6728F1D0692814
:107D80006FD06E280DD06F2806D1ACE073282CD0B0
:107D9000752874D0782853D05246179990476D1C97
:107DA00054E1C4F30250022809D003280DD0D8F8BA
:107DB000001004280DD00D6008F1040846E1D8F841
:107DC0000010EA17C1E90052F6E7D8F800100D805C
:107DD000F2E70D70F0E718F8041B8DF80010002092
:107DE0008DF80100EB46012003E058F804BB4FF08A
:107DF000FF3061074FF0000102D40DE009F10101ED
:107E00008946B9420FDA8145F8DB1BF809100029D1
:107E1000F4D108E009F1010189468142FADB1BF83F
:107E200009100029F6D103985346A0EB0907214613
:107E30003846179A00F080FA284400EB090507E05D
:107E400044E008E10DE01BF8010B524617999047FA
:107E5000B9F10109F7D2534621463846179AF2E0A4
:107E600039E00A21C4F302524FF0000B0091022ABC
:107E700006D058F8040BC117032A09D00AE023E002
:107E800008F1070020F00702F2E80201904605E041
:107E900000B2C117042A01D140B2C117002906DA85
:107EA0000A460021404261EB02012D2202E0220538
:107EB00004D52B228DF80420012203E0E20701D033
:107EC0002022F7E7914657E00A2100E010214FF009
:107ED000000B00910BE010214FF0000B44F0040464
:107EE0000827009103E008204FF0000B0090C4F336
:107EF0000252022A05D058F8040B0021032A08D0A8
:107F000008E008F1070020F00702F2E802019046BD
:107F100003E080B2042A00D1C0B24FF0000922076A
:107F20002AD53278702A07D0DDF800C08CF0100C0A
:107F30005CEA0B0C05D00EE040228DF804200122F3
:107F400008E050EA010306D030238DF804308DF8A4
:107F5000052002229146009B83F0080353EA0B039D
:107F60000AD150EA010201D1620705D530228DF80D
:107F700004204FF001097F1E3278582A04D039A21C
:107F80000C920CAA02920BE03BA2F9E75B46009A26
:107F9000F8F72AF90C9B9B5C029A521E029213700E
:107FA00050EA0102F2D1029804A9081A00F1200B4C
:107FB000600702D524F4803400E001275F4502DD2C
:107FC000A7EB0B0000E0002000EB0B0100900398F2
:107FD0004944401A0390E00306D453462146179AB9
:107FE000039800F0A9F90544002706E001A85246CD
:107FF000C05D179990476D1C7F1C4F45F6DBE00371
:108000000CD553462146179A039800F095F905447C
:1080100004E030205246179990476D1C0099481E85
:1080200000900029F5DC08E0029802995246007899
:10803000491C0291179990476D1CBBF10001ABF1EF
:10804000010BF1DC5BE100F065F90544761C30784A
:1080500000287FF40DAE19B02846BDE8F08F00006F
:10806000092801003031323334353637383961620E
:1080700063646566000000003031323334353637D2
:10808000383941424344454600000000600700D4AF
:10809000062708F1070020F00700F0E802238046D9
:1080A00003F0004C5FEA0C0001D097A009E0200526
:1080B00001D596A005E0E00701D095A001E0AFF260
:1080C0004C001390307823F0004365280CD006DC78
:1080D000452809D046281DD047287FD13BE0662897
:1080E00018D067287AD136E00021112F01DB11204A
:1080F00000E0781CCDE9000104A90CA8FFF7EEFC14
:10810000DDE90D010C9A4FF0000B07F10109109207
:1081100000914EE04FF000400097CDE9011004A916
:108120000CA8FFF7DBFCDDE90D020C9B0F994FF06B
:10813000000B91461093009211B9791C00EB0109D4
:10814000B7EB090003D4C0F1FF3B07F10109A9EB2C
:108150000700019042E0012F00DA01270021112FD2
:1081600001DD112000E03846CDE9000104A90CA88A
:10817000FFF7B4FCDDE90D010C9A00914FF0000B04
:10818000B946109221070FD4009A4A4503DA914666
:1081900001E0A9F10109B9F1010F05DD109AA9F17A
:1081A0000101515C3029F4D0B84202DA10F1040F19
:1081B00003DA0121CDE9011010E0002803DC83443B
:1081C000A9EB000102E0411C494500DD8946A0EB16
:1081D0000B00401C01904FF000400290200705D496
:1081E0000198484502DB4FF0FF30019000208DF8E8
:1081F0004B0002980DF14B07B0F1004F25D0022043
:108200000C902B200D90029800280CDA404202902E
:108210002D200D9007E00A210298F8F7C3F83031BD
:10822000029007F8011D0C99481E0C900029F2DC01
:1082300002980028EFD1791E0D980870307800F070
:10824000200040F0450007F8020D11A8C01BC01D1A
:1082500002901398007800B1012000EB0901019809
:1082600001EBE071029801440398401A401E03900C
:10827000E00306D453462146179A039800F05CF8B1
:1082800005441398007818B15246179990476D1C11
:10829000E00323D553462146179A039800F04CF883
:1082A00005441BE0BBF1000F07DB0098584504DDD7
:1082B0001098179910F80B0001E0179930205246DA
:1082C000904701980BF1010B401E05F1010501904B
:1082D00004D12E205246179990476D1CB9F1000128
:1082E000A9F10109DEDC05E017F8010B52461799E8
:1082F00090476D1C0299481E02900029F4DC5346F9
:108300002146179A03989EE62D0000002B000000DE
:10831000200000002DE9F041044600251E461746C6
:10832000880404D405E039462020B0476D1C641E43
:10833000F9D52846BDE8F0812DE9F0410446002535
:108340001E469046C80301D5302700E02027880448
:1083500004D505E041463846B0476D1C641EF9D58A
:108360002846BDE8F0810A68531C0B601070704706
:1083700010B58AB0044600210591069101200790AE
:108380000091019102910391049108900E200990AF
:1083900010498C4200D1059069462046F8F71AFF33
:1083A00018B139210CA0FFF76AFB2046F9F78DFAC6
:1083B00018B1402108A0FFF762FB02212046F8F720
:1083C00081FE18B1472104A0FFF759FB0AB0002035
:1083D00010BD0000780500202E2E2F4253502F6232
:1083E00073705F63616E2E630000000082B0074807
:1083F0000068016841680191C16841F01001C160E5
:1084000032220349014802B000F0D5BDC00200206D
:10841000E2260020406880B27047000010B50028B6
:1084200021D0114B0022001F196803E0814203D8BC
:108430000A4649680029F9D152B11368841A9C424E
:1084400004D1006818441060104602E0506000E05B
:10845000186039B102680B1A934203D10B681A44B1
:1084600002604968416010BD0802002010B52DED82
:108470000A8B6449B1F90600B1F908109FED628BCF
:108480009FED63BA634C9FED649ADFED64BA0028F8
:108490002EDA00292CDA90FBF1F0F7F75AFF41ECC5
:1084A000100BFFF701FB53EC182B51EC100BF7F7F7
:1084B00061FF0ED884ED01BA84ED029A9FED580A4F
:1084C00084ED030A9FED570A84ED040ABDEC0A8B84
:1084D00010BD9FED550A84ED010A9FED540A84ED0D
:1084E000020AC4ED03BA9FED520A84ED040AEDE7D7
:1084F000DFED509A9FED50AADFED50AA002828DA50
:108500009FED4FCA002924DD90FBF1F0F7F721FF22
:1085100041EC100BFFF7C8FA53EC182B51EC100B81
:10852000F7F728FF0AD884ED01CA84ED029AC4ED5A
:10853000039A9FED440A84ED040AC7E784ED01CA5B
:1085400084ED02AAC4ED03AA9FED3F0A84ED040A5C
:10855000BCE7002826DD002924DD90FBF1F0F7F7C9
:10856000F8FE41EC100BFFF79FFA53EC182B51EC7F
:10857000100BF7F7FFFE0AD89FED340A84ED010ACD
:10858000C4ED029A84ED039A84ED04BA9EE79FED50
:10859000300A84ED010AC4ED02AA84ED03AA84ED39
:1085A000040A93E7002891DD0029DFED2A9A8DDA8D
:1085B00090FBF1F0F7F7CDFE41EC100BFFF774FAEA
:1085C00053EC182B51EC100BF7F7D4FE0CD8C4ED7C
:1085D000019A9FED210A84ED020A84ED039A9FED32
:1085E0001F0A84ED040A71E7C4ED019AC4ED02BAD2
:1085F0009FED1B0A84ED030A9FED1A0A84ED040A1D
:1086000064E7000080260020000000000000F03F2A
:108610000AD7A3BB5C000020A8C64BBEE17A543F3A
:10862000BE9F7A3F4ED111BC6F1203BC7B140EBFAC
:108630006F1203BB355E7ABF68910DBFE17A54BFFC
:108640000AD7A33BA69B443C99BB16BB52499D3A13
:1086500099BB163B0AD7233B355E7A3F6F12033C2A
:10866000295C0FBFBC74933B10B530216A2000F029
:1086700081FA0A20F9F74EFB0D21242000F07AFA46
:108680000A20F9F747FB0E21282000F073FA0A2090
:10869000F9F740FB8E21312000F06CFA0A20F9F73F
:1086A00039FB01210B2000F07BF80A20F9F732FB9F
:1086B000002000F059F8102801D0012010BD012140
:1086C0000B2000F06DF80A20F9F724FB00210A20A6
:1086D00000F066F80A2000F047F808B1022010BD4B
:1086E0000A20F9F717FB00210B2000F059F80B20A6
:1086F00000F03AF808B1032010BD0A20F9F70AFB90
:108700002421412000F04CF8412000F02DF82428CD
:1087100001D0042010BD0A20F9F7FCFAC021422044
:1087200000F03EF8422000F01FF8C02801D00520DC
:1087300010BD0A20F9F7EEFA00212A2000F01AFAFB
:108740000A20F9F7E7FA0021342000F013FA0A2092
:10875000F9F7E0FA062203210E2000F003F9642065
:10876000F9F7D8FA002010BD10B50146322000F00C
:1087700001FA0A20F9F7CEFA8021342000F0FAF944
:108780000A20F9F7C7FA352000F094F904460021D1
:10879000342000F0EFF90A20F9F7BCFA204610BDAA
:1087A00070B505460C4600212A2000F0E3F90220AE
:1087B000F9F7B0FA2946292000F0DCF90220F9F790
:1087C000A9FA2146642000F0D5F90220F9F7A2FAAF
:1087D00081212A2000F0CEF9BDE870400A20F9F787
:1087E00099BA000010B5012244F240010448F9F79B
:1087F00048FC0122BDE81040D1020248F9F741BC13
:108800000014024000100240F9F750FCFDF73CF95B
:10881000FBF7F2FFFBF7BCFFFCF76EF8FCF79CF8E8
:10882000FCF708FAFCF732FAFCF7C6F8FCF726F971
:10883000FCF786F9FBF712FFFBF74AFFFBF778FF1F
:10884000FCF74AF8FBF7CAFFFCF748FAFFF7CAFF44
:1088500000F058F8FFF70AFEFFF7C8FD0C48FFF7D5
:1088600087FD0C48FFF784FD00F02CFAF8F7F2F8CA
:10887000002000F0DFF900F0A7F900F0B3FAF8F7F4
:1088800037F8F8F787F80120F9F744FAF9E700001C
:108890005005002078050020F0B50B30154D20F074
:1088A00007010024144A0FE003688B420BD38B426C
:1088B00005D95E1A43184768C3E9006700E04368BA
:1088C000136002C004E0021D10680028ECD12046AD
:1088D000002802D1286808B10020F0BD064A0748E8
:1088E0001060074A121A22F00702C0E90024012092
:1088F0002860D7E70C02002008020020542B00203B
:10890000502D002030B585B06420F9F703FA7520AA
:1089100000F0D0F8114988700024142210496846EC
:10892000F7F793FC6D4605EB4400417815F8140009
:1089300000F020F90120F9F7EDF9641CE4B20A2CEB
:10894000F1D3032000F011F9022000F009F9FFF73C
:108950008BFE00F04FF805B0002030BD5C00002019
:108960008C90000870B504460E4615462146282016
:1089700000F000F90220F9F7CDF90A21292000F0D2
:10898000F9F80220F9F7C6F90121642000F0F2F8A5
:108990000220F9F7BFF944F08001252000F0EAF841
:1089A0000220F9F7B7F93146262000F0E3F802205B
:1089B000F9F7B0F90321342000F0DCF80220F9F7D0
:1089C000A9F90321672000F0D5F80220F9F7A2F9F0
:1089D00081212A2000F0CEF80620F9F79BF945F016
:1089E0008001272000F0C6F8BDE870400220F9F7AA
:1089F00091B900002DE9F04100262D4D4FF49677F6
:108A000005F10E040E222A493B2000F07BF868781D
:108A1000297840EA0120A18A0844A082E878A97850
:108A200040EA0120E18A0844E0826879297940EA35
:108A30000120218B08442083687A297A40EA0120AA
:108A4000618B08446083E87AA97A40EA0120A18B0F
:108A50000844A083687B297B40EA0120E18B08441D
:108A6000E0830520F9F756F9761CBE42CADBB4F95B
:108A7000140090FBF7F0A082B4F9160090FBF7F019
:108A8000E082B4F9180090FBF7F02083B4F91A00E3
:108A900090FBF7F06083B4F91C0090FBF7F0A08323
:108AA000B4F91E0090FBF7F0E083BDE8F081000010
:108AB000B4260020F8B504460F4E0022402130466F
:108AC000F9F7DFFA0D4D44F08000287037246A1C56
:108AD0000123511E0A480094FBF7FCF86A1C01238D
:108AE000511E07480094FBF7F5F80122402130465B
:108AF000F9F7C7FA6878F8BD001402405C0000205E
:108B000068020020F8B504460F461646114D0022B3
:108B100040212846F9F7B5FA0F4944F08000087063
:108B2000523108703724A1F15102012352390B4808
:108B30000094FBF7CFF8084933463A4652310748CC
:108B40000094FBF7C7F8012240212846F9F799FA6B
:108B50000020F8BD001402405C00002068020020E4
:108B6000C006010E1C2000F005B8C006010E1B2037
:108B7000AFF30080F8B505460C46104F00224021A7
:108B80003846F9F77EFA05F07F000D4D287037263C
:108B90006A1C0123511E0B480096FBF79BF82C70B2
:108BA0006A1C0123511E07480096FBF793F8012227
:108BB00040213846F9F765FA0020F8BD001402405C
:108BC0005C000020680200202DE9F047002000F042
:108BD00031F8002525E00026DFF8549009EBC600A7
:108BE00000EBD500077800244FFA86F8380606D542
:108BF000281941B20122404600F03EF805E028194C
:108C000041B20022404600F037F87806070E641C97
:108C1000E4B2082CEAD3761CF6B2802EDED30835F7
:108C2000EDB2402DD7D3BDE8F04700F0DBB800002F
:108C300014950008F0B500220E4C0021FF250026F7
:108C400001280FD090B104EBC1039F5CC7F1FF076F
:108C50009F54491CC9B28029F2D3521CD2B2082AAF
:108C6000EBD3F0BD04EBC1039D54F2E704EBC10369
:108C70009E54EEE74027002070B5802817D20029C7
:108C800015DB3F2913DCCB1701EB5375C5F3C70385
:108C900025F0070501240A4E491B8C4006EBC00055
:108CA000012A05D0022A07D0C15CA143C15470BD7E
:108CB000C15C2143C15470BDC15C6140C15470BDF1
:108CC0004027002010B5464C002220212046F9F70D
:108CD000D8F94FF4FA70F9F71DF801222021204647
:108CE000F9F7CFF90021AE2000F004F90021084681
:108CF00000F000F90021102000F0FCF800214020D5
:108D000000F0F8F80021812000F0F4F80021CF20D5
:108D100000F0F0F80021A12000F0ECF80021C820BC
:108D200000F0E8F80021A62000F0E4F80021A820D7
:108D300000F0E0F800213F2000F0DCF80021D32013
:108D400000F0D8F80021084600F0D4F80021D52022
:108D500000F0D0F80021802000F0CCF80021D920CC
:108D600000F0C8F80021F12000F0C4F80021DA205A
:108D700000F0C0F80021122000F0BCF80021DB2038
:108D800000F0B8F80021402000F0B4F800212020C5
:108D900000F0B0F80021022000F0ACF800218D2096
:108DA00000F0A8F80021142000F0A4F80021A4206D
:108DB00000F0A0F80021A62000F09CF80021AF20D0
:108DC00000F098F80021AF2000F094F80020FFF7A1
:108DD00031FF0021BDE81040084600F01DB800003A
:108DE0000010024070B500250A4E2946002000F010
:108DF00013F8002406EBC4000121405D00F07AF86E
:108E0000641CE4B2802CF5D36D1CEDB2082DECD3BC
:108E100070BD00004027002010B5801CC4B2B031E6
:108E2000C8B2002100F066F8102040EA14100021BA
:108E300000F060F804F0F000BDE81040002100F000
:108E400059B800002DE9F04F01EB410149064FEA06
:108E5000116900EB40008006040EA246203AD0B211
:108E60000027174900EB400001EB800B1BF807605F
:108E700000254FFA89F8300605D5012261B2404637
:108E8000FFF7FAFE04E0002261B24046FFF7F4FE6D
:108E90007006060E641CE4B2A4EB0A000C2809D08C
:108EA0006D1CEDB2082DE6D37F1CFFB20C2FDDD375
:108EB000BDE8F08F544609F1010909F0FF09F3E715
:108EC000A0900008F0B506460C46174600250CE0B9
:108ED00021463046FFF7B6FF641CE4B2142C02D9D9
:108EE0000024761CF6B26D1CEDB27A5D002AEFD13B
:108EF000F0BD000013B50948002904D0012210215B
:108F0000F9F7BFF803E000221021F9F7BAF80A23B5
:108F1000012269460248FAF71FFE1CBD00100240FC
:108F20001002002070B50A784B7842EA0322C2F39F
:108F30000A02A2F5806202804B788C78DB0843EA53
:108F40004413C3F30A05A5F5806545808B78CC787A
:108F50009B0943EA84030C7943EA8423C3F30A049C
:108F6000A4F5806484800B794E795B0843EAC613CC
:108F7000C3F30A03A3F58063C3804E79B609067272
:108F80004979C1F30111417202F525724FF4A561CF
:108F90008A420BD805F525758D4207D804F525744E
:108FA0008C4203D803F525738B4203D9002101605D
:108FB0004160018170BD70B5044694F83A002028E4
:108FC00001D0022070BDA1B19AB1A162A28500209A
:108FD000E06320681346001D0A46656B014628467B
:108FE000F8F738FE2068416941F0400141610020F6
:108FF00070BD012070BD01680A68D20604D5C96839
:10900000C90601D500F002B87047000018B5044643
:1090100020680168406800900F4884421AD1606B54
:109020000068016821F001010160606B0068FFF7D2
:10903000F1F9202804D1094901F11200FFF772FF6C
:10904000616B322009684860606B0068016841F01C
:109050000101016018BD0000C0020020E2260020CE
:1090600000000000000000000102030406070809D8
:109070000000000001020304015900089D59000886
:109080007D590008A1590008215900086B806B0325
:109090006C001A041B181C101D026A20000000003E
:1090A00000000000000000000000000000000000C0
:1090B0003F40000000000000000030004000300091
:1090C0004000000009000BC03D000BC03D0009003E
:1090D00018C024407FE0224031800000180024C0E6
:1090E0001B000D803240018003801C4027401C8003
:1090F0000740004010006000000000000000000079
:109100000000000000001F802040402000004020A0
:1091100020401F8000000000090006001F8006009C
:1091200009000000040004003F8004000400000067
:1091300000100060000000000000000004000400B7
:1091400004000400040000000000004000000000D3
:1091500000000000002001C00600380040000000B0
:109160001F802040204020401F8000000000104051
:109170003FC000400000000018C0214022402440B1
:109180001840000010802040244024401B80000034
:1091900002000D0011003FC0014000003C8024404F
:1091A00024402440238000001F8024402440344079
:1091B000038000003000200027C03800200000009D
:1091C0001B802440244024401B8000001C0022C03F
:1091D000224022401F8000000000000008400000E4
:1091E000000000000000000004600000000000001B
:1091F000000004000A00110020804040090009001E
:109200000900090009000000000040402080110012
:109210000A00040018002000234024001800000069
:109220001F802040274029401F400000004007C009
:1092300039000F0001C0004020403FC024402440BE
:109240001B8000001F802040204020403080000014
:1092500020403FC0204020401F80000020403FC0F1
:1092600024402E4030C0000020403FC024402E004B
:10927000300000000F0010802040224033800200A8
:1092800020403FC0040004003FC020402040204058
:109290003FC02040204000000060202020203FC030
:1092A0002000200020403FC024400B0030C0204060
:1092B00020403FC020400040004000C03FC03C0074
:1092C00003C03C003FC0000020403FC00C402300D2
:1092D0003FC020001F802040204020401F80000011
:1092E00020403FC024402400180000001F8021407F
:1092F000214020E01FA0000020403FC02440260065
:1093000019C0004018C02440244022403180000091
:10931000300020403FC020403000000020003F804F
:10932000004000403F80200020003E0001C00700B8
:1093300038002000380007C03C0007C0380000009B
:10934000204039C0060039C02040000020003840CD
:1093500007C0384020000000304021C0264038407F
:1093600020C00000000000007FE0402040200000FE
:10937000000070000C00038000400000000040204E
:1093800040207FE00000000000002000400020009E
:10939000000000000010001000100010001000106D
:1093A00000000000400000000000000000000280FB
:1093B0000540054003C0004020003FC00440044079
:1093C00003800000000003800440044006400000C9
:1093D00000000380044024403FC0004000000380A0
:1093E0000540054003400000000004401FC0244029
:1093F00024402000000002E00550055006500420E3
:1094000020403FC00440040003C00040000004406E
:1094100027C000400000000000100010041027E0EA
:109420000000000020403FC00140070004C004408D
:10943000204020403FC000400040000007C0040022
:1094400007C0040003C00000044007C0044004003B
:1094500003C000400000038004400440038000007B
:10946000041007F004500440038000000000038053
:109470000440045007F00010044007C002400400FC
:1094800004000000000006400540054004C0000044
:10949000000004001F80044000400000040007801A
:1094A0000040044007C000400400070004C00180E1
:1094B00006000400060001C0070001C0060000000D
:1094C000044006C0010006C004400000041007105C
:1094D00004E00180060004000000044005C00640CE
:1094E000044000000000000004007BE04020000079
:1094F000000000000000FFF000000000000040201D
:109500007BE00400000000004000800040002000DC
:1095100020004000000000000000000000000000EB
:10952000000000000000000000000000000000003B
:10953000000000000000000000000000000000002B
:10954000000000000000000000000000000000001B
:109550000000000000000000000000060000000005
:109560000000001E00000000000000DE00000000FF
:10957000000000D800000000000000D8000000003B
:10958000000000D800000000000000DE0000000025
:10959000000000FE00000000000000F600000000D7
:1095A0000000007200000000000000000000000049
:1095B0000000007C00000000000000FE0000000031
:1095C000000000C600000000000000C6000000000F
:1095D000000000C600000000000000FE00000000C7
:1095E0000000007C000000000000000000000000FF
:1095F0000000001E00000000000000DE000000006F
:10960000000000D600000000000000D600000000AE
:10961000000000D600000000000000D6000000009E
:10962000000000DE40000000000000FE60000000BE
:109630000010006C70000000003000007800000096
:1096400000F0007C7C00000007F000FE7E000000BF
:109650003FF000C67F000001FFF000C67F80000FD2
:10966000FFF000C67FC0007FFFF000FE7FE003FF39
:10967000FFF0007C7FF03FFFFFF000027FF83FFF2C
:10968000FFF000067FFC3FFFFFF0001E7FFE3FFF64
:10969000FFF000BC7FFF3FFFFFF000E07FFFBFFF58
:1096A000FF8000F87FFFFFFFFC00003E7FFFFFFF11
:1096B000E000000E7FFFFFFF000000B87FFFFFF813
:1096C000000000E07FFFFFF0000000FE7FFFFFF0E2
:1096D0000000001E7FFFFFF0000000027FFFFFF090
:1096E000000000007FEFFFF0020000067FE7FFF0C0
:1096F0000200000E7FE3FFF00200001C7FE1FFF894
:10970000030000BA7FE0FFFC030000F67FE07FFE6D
:10971000038000E67FE03FFF038000F67FE03FFF2D
:1097200083C0003E7FE03FFFC3C0000E7FE03FFFED
:10973000E3E000027FE03FFFF3E000007FE03FFF57
:10974000FBF000027FE03FFFFFF000667FE03FFF9D
:10975000FFF800F67FE03FFFFFF800D67FE03FFF15
:10976000FFFC00D67FF07FFFFFFC00D67FF8FFF7FD
:10977000FFFE00D67FFFFFF3FFFE00DE3FFFFFE1AD
:10978000FFFF008C3FFFFFE0FFCF00401FFFFFC047
:109790007FC780C01FFFFFC03FC380C00FFFFF8097
:1097A0001FC1C0FE07FFFF000FC0C0FE03FFFE0089
:1097B00007C060C001FFFC0003C020C0007FF000B4
:1097C00001C00086000F800000C0001600000000ED
:1097D000004000D600000000000000D6000000009D
:1097E000000000D600000000000000D600000000CD
:1097F000000000D600000000000000D000000000C3
:10980000000000C000000000000000060000000092
:109810000000001E00000000000000DE000000004C
:10982000000000D800000000000000D80000000088
:10983000000000D800000000000000DE0000000072
:10984000000000DE00000000000000F60000000044
:109850000000007200000000000000000000000096
:109860000000006200000000000000F600000000A0
:10987000000000F600000000000000D6000000001C
:10988000000000D600000000000000D6000000002C
:10989000000000DE000000000000008C000000005E
:1098A00000000000000000000000000000000000B8
:1098B00000000000000000000000000000000000A8
:1098C0000000000000000000000000000000000098
:1098D0000000000000000000000000000000000088
:1098E0000000000000000000000000000000000078
:1098F0000000000000000000000000000000000068
:109900000000000000000000000000000000000057
:10991000000000000000B80B701728230006101686
:10992000000610164D454449554D000053544F5004
:10993000000000004641535400000000534C4F57B4
:1099400000000000649900080000002010020000E0
:109950006C070008449A000810020020402F000005
:10996000CC7A000811A324F4220113B10B1B08AD1B
:10997000041A91041AD504811369661B08A9041AF4
:10998000B5041ADD041319671B0839081A75041782
:109990000403090412011402020216408304405712
:1099A0001D020102034C61034A803F0211FF1314A0
:1099B000272A20B8C1132C991B083C041A24041A26
:1099C0003404291FF210130A0632022A401C1C0913
:1099D0000243B31125C03209041B01020B130524F5
:1099E00016100105240110090104240202052406B1
:1099F000170107058203081C100904E9320A1D0734
:109A0000050102432C070581070938442A40072A2B
:109A10008107112B0907440A2204440A16FF441344
:109A2000DD631B08470413D96442081A830C1A012A
:109A3000041A1704C11AC5101AB9041AD1049AAD30
:049A40001C00000006
:04000005080001AD41
:00000001FF
